No.,FAM,ROD,DRUH,LOKALITA,STATE/PROV,ZEME,CMP,DEN_POC,MES_POC,ROK_POC,DEN_KON,MES_KON,ROK_KON,POCET_M,POCET_F,POCET_TOT,BIOTOP,METRU_OD,METRU_DO,METODA_SB,LEG,COLL,DET,ROK,REV,ROK,ZDROJ,POZN.,N/S,E/W
23048,Silphidae,Thanatophilus,sinuatus,Freida,,Algeria,,NA,NA,NA,,,,3,1,4,Ob-1026,,,,"H. Tondu, ex coll. R. Oberthür",Museum Bonn,J. Růžička,2015,,,PC,,,
8212,Silphidae,Thanatophilus,sinuatus,Sevan,,Armenia,,1,6,1973,30,6,1973,1,,1,,,,,A. Olexa,A. Olexa,J. Růžička,1993,,,Sil1,,,
8211,Silphidae,Thanatophilus,sinuatus,Arzakan,,Armenia,,3,7,1978,,,,1,,1,,,,,A. Olexa,A. Olexa,J. Růžička,1993,,,Sil1,,,
9121,Silphidae,Thanatophilus,sinuatus,Brixen,,Austria,,1,1,1911,31,12,1911,1,,1,,,,,-,Ostravské muzeum,J. Růžička,1996,,,Sil1,,,
7749,Silphidae,Thanatophilus,sinuatus,Prater,,Austria,,NA,NA,NA,,,,1,,1,,,,,coll. Schrötter,"Slovenské národné múzeum, Bratislava",J. Růžička,1993,,,Sil1,,,
9122,Silphidae,Thanatophilus,sinuatus,Gänserndorf,Lower Austria,Austria,,NA,NA,NA,,,,,1,1,,,,,R. Wawerka,Ostravské muzeum,J. Růžička,1996,,,Sil1,,,
19826,Silphidae,Thanatophilus,sinuatus,"Wien, Türkensch.",,Austria,,NA,NA,NA,,,,1,1,2,,,,,-,Mus. Basel,J. Růžička,2011,,,PC,,,
11162,Silphidae,Thanatophilus,sinuatus,Bihać env.,Bosnia,Bosnia and Herzegovina,,1,7,1944,31,7,1944,1,,1,,,,,E. Prettner,"Prirodoslovni muzej Slovenije, Ljubljana",J. Růžička,1996,,,Sil5,,,
7741,Silphidae,Thanatophilus,sinuatus,Sarajevo,Bosnia,Bosnia and Herzegovina,,NA,NA,NA,,,,,1,1,,,,,-,"Slovenské národné múzeum, Bratislava",J. Růžička,1993,,,Sil1,,,
7744,Silphidae,Thanatophilus,sinuatus,Dolnja Tuzla [Tuzla],Bosnia,Bosnia and Herzegovina,,NA,NA,NA,,,,1,,1,,,,,Fritsch,"Slovenské národné múzeum, Bratislava",J. Růžička,1993,,,Sil1,,,
7976,Silphidae,Thanatophilus,sinuatus,Topolovgrad,,Bulgaria,,1,6,1966,30,6,1966,,1,1,,,,,-,coll. I. Grulich in Moravské zemské muzeum Brno,J. Růžička,1993,,,Sil1,,,
9102,Silphidae,Thanatophilus,sinuatus,Arkutino,,Bulgaria,,18,6,1985,26,6,1985,,1,1,,,,,M. Vrba,V. Mikuda,J. Růžička,1995,,,Sil1,,,
18295,Silphidae,Thanatophilus,sinuatus,Albena,,Bulgaria,,,7,1973,,,,1,1,2,,,,,L. Marek,"Dept. Zoology, Charles University",J. Růžička,2009,,,PC,,,
24149,Silphidae,Thanatophilus,sinuatus,Melnik,,Bulgaria,,8,6,1978,,,,1,,1,,,,,L. Mencl,L. Mencl (Týnec nad Labem),J. Růžička,2016,,,PC,,,
12309,Silphidae,Thanatophilus,sinuatus,Kiten,,Bulgaria,,17,6,1983,,,,1,,1,,,,,J. Lebduška,M. Trýzna,J. Růžička,2005,,,Sil7,,,
12311,Silphidae,Thanatophilus,sinuatus,Kiten,,Bulgaria,,20,6,1983,,,,1,,1,,,,,J. Lebduška,M. Trýzna,J. Růžička,2005,,,Sil7,,,
8019,Silphidae,Thanatophilus,sinuatus,Melnik,,Bulgaria,,6,6,1984,,,,,1,1,,,,,V. Karas,Karas,J. Růžička,1993,,,Sil1,,,
13527,Silphidae,Thanatophilus,sinuatus,Rhodopes-Smoljan Region-Adra Village,,Bulgaria,,30,5,2005,,,,,1,1,,,,,T. Lackner,J. Cooter,J. Růžička,2006,,,Sil8,,,
7726,Silphidae,Thanatophilus,sinuatus,Varna,,Bulgaria,,NA,NA,NA,,,,7,4,11,,,,,Laco,"Slovenské národné múzeum, Bratislava",J. Růžička,1993,,,Sil1,,,
11229,Silphidae,Thanatophilus,sinuatus,Borohoro Shan Mts.-Jining Ining-H-Sien,,China, ,26,7,1991,31,7,1991,1,1,2,,,,,M. Snížek,M. Trýzna,J. Schneider,2002,,,Sil5,,44.06N,81.56 E
13500,Silphidae,Thanatophilus,sinuatus,Borohoro Shan Mts.-Jining Ining-H-Sien,,China,,26,7,1991,31,7,1991,1,1,2,,,,,M. Snížek,M. Trýzna,J. Růžička,2005,,,Sil8,,"44,06N","81,56E"
13511,Silphidae,Thanatophilus,sinuatus,Chao Shan-25 km SE Pinyao,Shanxi,China,,4,7,2001,5,7,2001,1,,1,,,,,O. Šafránek,M. Trýzna,J. Růžička,2005,,,Sil8,,"37,1°N","112,4°E"
7719,Silphidae,Thanatophilus,sinuatus,Praha,Bohemia,Czech Republic,,1,1,1890,31,12,1890,1 spec.,,1,,,,,Fulín,"coll. J. Roubal in Slovenské národné múzeum, Bratislava",J. Růžička,1992,,,Sil1,,,
7990,Silphidae,Thanatophilus,sinuatus,Lechotitz [Lechotice],Moravia,Czech Republic,,1,1,1905,31,12,1905,2,,2,,,,,-,coll. Nekolný in Moravské zemské muzeum Brno,J. Růžička,1993,,,Sil1,,,
7712,Silphidae,Thanatophilus,sinuatus,Roudnice,Bohemia,Czech Republic,,1,6,1907,30,6,1907,1 spec.,,1,,,,,Roubal,"coll. J. Roubal in Slovenské národné múzeum, Bratislava",J. Růžička,1992,,,Sil1,,,
7739,Silphidae,Thanatophilus,sinuatus,[Praha-] Modřany,Bohemia,Czech Republic,5952,1,6,1907,30,6,1907,,1,1,,,,,-,"Slovenské národné múzeum, Bratislava",J. Růžička,1993,,,Sil1,,,
7068,Silphidae,Thanatophilus,sinuatus,Svitávka-Souček,Moravia,Czech Republic,,1,1,1910,31,12,1910,,1,1,,,,,J. Volák,coll. J. Volák in Muzeum východních Čech v Hradci Králové,J. Růžička,1992,,,Sil1,,,
7991,Silphidae,Thanatophilus,sinuatus,Tobitschau [Tovačov],Moravia,Czech Republic,6569,1,1,1910,31,12,1910,,1,1,,,,,Waka,coll. Nekolný in Moravské zemské muzeum Brno,J. Růžička,1993,,,Sil1,,,
9083,Silphidae,Thanatophilus,sinuatus,Znojmo,Moravia,Czech Republic,,1,1,1925,31,12,1925,1,2,3,,,,,-,Jihomoravské muzeum ve Znojmě,J. Růžička,1995,,,Sil1,,,
9084,Silphidae,Thanatophilus,sinuatus,Znojmo,Moravia,Czech Republic,,1,1,1926,31,12,1926,1,,1,,,,,-,Jihomoravské muzeum ve Znojmě,J. Růžička,1995,,,Sil1,,,
16555,Silphidae,Thanatophilus,sinuatus,"Dolní Bousov env., Spařence",Bohemia,Czech Republic,,1,7,1935,31,7,1935,,1,1,,,,,-,V. Kalík,J. Růžička,1986,,,Sil9,,,
7056,Silphidae,Thanatophilus,sinuatus,"Slavkov u Brna env., Heršpice",Moravia,Czech Republic,,1,6,1936,30,6,1936,1,,1,,,,,J. Volák,coll. J. Volák in Muzeum východních Čech v Hradci Králové,J. Růžička,1992,,,Sil1,,,
7070,Silphidae,Thanatophilus,sinuatus,Milotice,,Czech Republic,,1,6,1939,30,6,1939,1,,1,,,,,J. Winter,coll. J. Volák in Muzeum východních Čech v Hradci Králové,J. Růžička,1992,,,Sil1,,,
7986,Silphidae,Thanatophilus,sinuatus,Náchod env.,Bohemia,Czech Republic,,1,8,1941,31,8,1941,1,,1,,,,,Rauscher,coll. J. Raušer in Moravské zemské muzeum Brno,J. Růžička,1993,,,Sil1,,,
11199,Silphidae,Thanatophilus,sinuatus,Náchod env.,Bohemia,Czech Republic,,1,8,1941,31,8,1941,1,,1,,,,,Rauscher ,coll. J. Raušer in Moravské zemské muzeum Brno,J. Růžička,2002,,,Sil5,,,
7985,Silphidae,Thanatophilus,sinuatus,"Brno env.,",Moravia,Czech Republic,,1,5,1942,31,5,1942,1,,1,,,,,Rauscher,coll. J. Raušer in Moravské zemské muzeum Brno,J. Růžička,1993,,,Sil1,,,
11201,Silphidae,Thanatophilus,sinuatus,"Brno env.,",Moravia,Czech Republic,,1,5,1942,31,5,1942,1,,1,,,,,Rauscher ,coll. J. Raušer in Moravské zemské muzeum Brno,J. Růžička,2002,,,Sil5,,,
7074,Silphidae,Thanatophilus,sinuatus,Náměšť,Moravia,Czech Republic,,1,8,1943,31,8,1943,,1,1,,,,,Obrtel,coll. J. Volák in Muzeum východních Čech v Hradci Králové,J. Růžička,1992,,,Sil1,,,
7984,Silphidae,Thanatophilus,sinuatus,Rebešovice,Moravia,Czech Republic,,1,5,1943,31,5,1943,,1,1,,,,,Rauscher,coll. J. Raušer in Moravské zemské muzeum Brno,J. Růžička,1993,,,Sil1,,,
11198,Silphidae,Thanatophilus,sinuatus,"Hodonín env., Čejč",Moravia,Czech Republic,7067,1,5,1943,31,5,1943,1,,1,,,,,Rauscher ,coll. J. Raušer in Moravské zemské muzeum Brno,J. Růžička,2002,,,Sil5,,,
11210,Silphidae,Thanatophilus,sinuatus,Rebešovice,Moravia,Czech Republic,,1,5,1943,31,5,1943,,1,1,,,,,Rauscher ,coll. J. Raušer in Moravské zemské muzeum Brno,J. Růžička,2002,,,Sil5,JR det. 1993,,
7085,Silphidae,Thanatophilus,sinuatus,Mladá Boleslav,Bohemia,Czech Republic,,1,1,1944,31,12,1944,1,,1,,,,,K. Mikvas,Vlastivědné muzeum v České Lípě,J. Růžička,1992,,,Sil1,,,
8206,Silphidae,Thanatophilus,sinuatus,Praha 11,Bohemia,Czech Republic,,1,5,1945,31,5,1945,,1,1,,,,,A. Olexa,A. Olexa,J. Růžička,1993,,,Sil1,,,
10031,Silphidae,Thanatophilus,sinuatus,Praha-Jarov,Bohemia,Czech Republic,,1,4,1945,30,4,1945,,1,1,,,,,R. Rous,R. Rous,J. Růžička,1988,,,Sil3,,,
7038,Silphidae,Thanatophilus,sinuatus,Mimoň,Bohemia,Czech Republic,5354,1,7,1946,31,7,1946,,1,1,,,,,Roubal,Muzeum východních Čech v Hradci Králové,J. Růžička,1992,,,Sil1,,,
10030,Silphidae,Thanatophilus,sinuatus,Praha 7,Bohemia,Czech Republic,,1,4,1946,30,4,1946,,1,1,,,,,R. Rous,R. Rous,J. Růžička,1988,,,Sil3,,,
11197,Silphidae,Thanatophilus,sinuatus,Říčany-Radošovice,Bohemia,Czech Republic,,1,1,1946,31,12,1946,,1,1,,,,,P. Pecina,O. Hovorka,J. Růžička,2002,,,Sil5,,,
7705,Silphidae,Thanatophilus,sinuatus,"Znojmo env., Plaveč",Moravia,Czech Republic,,1,6,1948,30,6,1948,1 spec.,,1,,,,,Roubal,"coll. J. Roubal in Slovenské národné múzeum, Bratislava",J. Růžička,1992,,,Sil1,,,
9093,Silphidae,Thanatophilus,sinuatus,Chlum u Třeboně,Bohemia,Czech Republic,7055,1,5,1948,31,5,1948,1,2,3,,,,,J. Niedl,J. Čech,J. Růžička,1995,,,Sil1,,,
7987,Silphidae,Thanatophilus,sinuatus,"Hodonín env., Čejč",Moravia,Czech Republic,,1,5,1949,31,5,1949,1,,1,,,,,Rauscher,coll. J. Raušer in Moravské zemské muzeum Brno,J. Růžička,1993,,,Sil1,,,
7039,Silphidae,Thanatophilus,sinuatus,Choťovice env.,Bohemia,Czech Republic,,1,6,1950,30,6,1950,1,,1,,,,,A. Růžička,Muzeum východních Čech v Hradci Králové,J. Růžička,1992,,,Sil1,,,
11196,Silphidae,Thanatophilus,sinuatus,Krkonoše Mts.-Horní Albeřice,Bohemia,Czech Republic,,1,1,1950,31,12,1950,,1,1,,,,,P. Pecina,O. Hovorka,J. Růžička,2002,,,Sil5,,,
7036,Silphidae,Thanatophilus,sinuatus,Hradec Králové env.,Bohemia,Czech Republic,,1,5,1951,31,5,1951,,1,1,,,,,coll. Balthasar,Muzeum východních Čech v Hradci Králové,J. Růžička,1992,,,Sil1,fr.,,
9111,Silphidae,Thanatophilus,sinuatus,Orlík,Bohemia,Czech Republic,,1,7,1951,31,7,1951,2,,2,,,,,J. Mašek,J. Mašek,J. Růžička,1995,,,Sil1,,,
11195,Silphidae,Thanatophilus,sinuatus,Krkonoše Mts.-Horní Albeřice,Bohemia,Czech Republic,,1,1,1952,31,12,1952,1,1,2,,,,,P. Pecina,O. Hovorka,J. Růžička,2002,,,Sil5,,,
7995,Silphidae,Thanatophilus,sinuatus,Kladno,Bohemia,Czech Republic,,1,4,1953,30,4,1953,1 spec.,,1,,,,,Voříšek,J. Háva,J. Háva,1992,,,Sil1,,,
7997,Silphidae,Thanatophilus,sinuatus,Srby,Bohemia,Czech Republic,,1,5,1954,31,5,1954,1 spec.,,1,,,,,Voříšek,J. Háva,J. Háva,1992,,,Sil1,,,
7044,Silphidae,Thanatophilus,sinuatus,Choťovice,Bohemia,Czech Republic,,1,6,1954,30,6,1954,2,1,3,,,,,Balthasar & Růžička,Muzeum východních Čech v Hradci Králové,J. Růžička,1992,,,Sil1,,,
7989,Silphidae,Thanatophilus,sinuatus,Liberec,Bohemia,Czech Republic,,1,6,1955,30,6,1955,,1,1,limes,,,,Brejcha,coll. Brejcha in Moravské zemské muzeum Brno,J. Růžička,1993,,,Sil1,,,
9092,Silphidae,Thanatophilus,sinuatus,Chlum u Třeboně,Bohemia,Czech Republic,7055,1,5,1955,31,5,1955,1,,1,,,,,J. Niedl,J. Čech,J. Růžička,1995,,,Sil1,,,
7988,Silphidae,Thanatophilus,sinuatus,Liberec,Bohemia,Czech Republic,,1,6,1955,30,6,1955,2,1,3,field road,,,,Brejcha,coll. Brejcha in Moravské zemské muzeum Brno,J. Růžička,1993,,,Sil1,,,
7063,Silphidae,Thanatophilus,sinuatus,"Slavkov u Brna env., Heršpice",Moravia,Czech Republic,,1,7,1956,31,7,1956,1,,1,,,,,J. Volák,coll. J. Volák in Muzeum východních Čech v Hradci Králové,J. Růžička,1992,,,Sil1,,,
16554,Silphidae,Thanatophilus,sinuatus,Svojšice,Bohemia,Czech Republic,,1,7,1956,31,7,1956,,1,1,,,,,J. Rule,V. Kalík,J. Růžička,1986,,,Sil9,,,
7043,Silphidae,Thanatophilus,sinuatus,Běleč nad Orlicí,Bohemia,Czech Republic,,1,5,1957,31,5,1957,1,,1,,,,,Hozák,Muzeum východních Čech v Hradci Králové,J. Růžička,1992,,,Sil1,,,
7086,Silphidae,Thanatophilus,sinuatus,Mladá Boleslav,Bohemia,Czech Republic,,1,1,1962,31,12,1962,,1,1,,,,,K. Mikvas,Vlastivědné muzeum v České Lípě,J. Růžička,1992,,,Sil1,,,
11236,Silphidae,Thanatophilus,sinuatus,Budišov,Moravia,Czech Republic,,1,1,1964,31,12,1964,,1,1,,,,,A. Hamet,A. Hamet,J. Palásek,-,J. Růžička,2003,Sil5,,,
9076,Silphidae,Thanatophilus,sinuatus,Velké Němčice-Brodeč,Moravia,Czech Republic,,1,5,1966,31,5,1966,,1,1,saline soil,,,,J. Dezort,coll. J. Dezort in Moravské zemské muzeum Brno,J. Růžička,1994,,,Sil1,,,
7975,Silphidae,Thanatophilus,sinuatus,Studenec,Moravia,Czech Republic,,1,5,1969,31,5,1969,1,,1,,,,,Grulich,coll. I. Grulich in Moravské zemské muzeum Brno,J. Růžička,1993,,,Sil1,,,
8024,Silphidae,Thanatophilus,sinuatus,Litoměřice,Bohemia,Czech Republic,,1,5,1970,31,5,1970,1,,1,,,,,Piskáček,P. Moravec,J. Růžička,1995,,,Sil1,,,
8203,Silphidae,Thanatophilus,sinuatus,"Frýdek Místek env., Dobratice",Moravia,Czech Republic,,8,5,1975,14,5,1975,12,10,22,,,,,M. Kuboň,M. Kuboň,J. Růžička,1993,,,Sil1,,,
8000,Silphidae,Thanatophilus,sinuatus,Doupov,Bohemia,Czech Republic,,1,5,1977,31,5,1977,1 spec.,,1,,,,,J. Jurčíček,J. Jurčíček,J. Háva,1992,,,Sil1,,,
7083,Silphidae,Thanatophilus,sinuatus,"Mladá Boleslav env., Kosmonosy-Obora (k. obora)",Bohemia,Czech Republic,,1,5,1977,31,5,1977,,1,1,,,,,K. Mikvas,Vlastivědné muzeum v České Lípě,J. Růžička,1992,,,Sil1,,,
9124,Silphidae,Thanatophilus,sinuatus,Lbín,Bohemia,Czech Republic,,1,6,1977,30,6,1977,,2,2,,,,,J. Kohout,J. Kohout,J. Růžička,1996,,,Sil1,,,
9125,Silphidae,Thanatophilus,sinuatus,Suchdol nad Lužnicí,Bohemia,Czech Republic,,7,7,1977,9,7,1977,,2,2,,,,,J. Kohout,J. Kohout,J. Růžička,1996,,,Sil1,,,
11171,Silphidae,Thanatophilus,sinuatus,Lásenice,Bohemia,Czech Republic,6955,11,8,1985,20,8,1985,,1,1,,,,,D. Boukal,D. Boukal,J. Růžička,1997,,,Sil5,,,
12317,Silphidae,Thanatophilus,sinuatus,Pouzdřany,Moravia,Czech Republic,7065,1,5,1986,31,5,1986,1,,1,,,,,K. Resl,K. Resl,J. Růžička,2005,,,Sil7,,,
12318,Silphidae,Thanatophilus,sinuatus,Drslavice,Moravia,Czech Republic,6971,1,5,1987,31,5,1987,,1,1,,,,,K. Resl,K. Resl,J. Růžička,2005,,,Sil7,,,
8004,Silphidae,Thanatophilus,sinuatus,"Praha env., Hvozdnice",Bohemia,Czech Republic,,1,8,1991,31,8,1991,1 spec.,,1,,,,,J. Háva,J. Háva,J. Háva,1992,,,Sil1,,,
8011,Silphidae,Thanatophilus,sinuatus,Praha-Lipence,Bohemia,Czech Republic,,1,5,1991,31,5,1991,1 spec.,,1,cadaver Passer montanus,,,,J. Háva,J. Háva,J. Háva,1992,,,Sil1,,,
8005,Silphidae,Thanatophilus,sinuatus,Dobříš-Vlaška Colony,Bohemia,Czech Republic,,1,9,1992,30,9,1992,5 spec.,,5,cadaver Talpa,,,,J. Háva,J. Háva,J. Háva,1992,,,Sil1,,,
8006,Silphidae,Thanatophilus,sinuatus,"Praha env., Masečín",Bohemia,Czech Republic,,1,4,1993,30,4,1993,10 spec.,,1,cadaver Bufo bufo,,,,J. Háva,J. Háva,J. Háva,1992,,,Sil1,,,
9106,Silphidae,Thanatophilus,sinuatus,"Mimoň env., Hvězdov",Bohemia,Czech Republic,5354,1,1,1994,31,12,1994,1,1,2,,,,,P. Vonička,P. Vonička,J. Růžička,1995,,,Sil1,,,
11159,Silphidae,Thanatophilus,sinuatus,Lednice,Moravia,Czech Republic,7166,19,7,1996,21,7,1996,,1,1,,,,,A. Holub,A. Holub,J. Růžička,1996,,,Sil5,,,
11179,Silphidae,Thanatophilus,sinuatus,Bílčice,Moravia,Czech Republic,6171,1,5,1996,31,5,1996,1,,1,,,,,M. Fikáček,"M. Fikáček, Ostrava",J. Růžička,2000,,,Sil5,,,
11153,Silphidae,Thanatophilus,sinuatus,Roudnice nad Labem,Bohemia,Czech Republic,5551,27,5,1996,28,5,1996,2,,2,,,,,J. Kohout,J. Kohout,J. Růžička,1996,,,Sil5,,,
9126,Silphidae,Thanatophilus,sinuatus,"Nepomuk env., Kotouň",Bohemia,Czech Republic,,6,7,1996,7,7,1996,2,1,3,,,,,J. Kohout,J. Kohout,J. Růžička,1996,,,Sil1,,,
11151,Silphidae,Thanatophilus,sinuatus,"Nepomuk env., Kotouň",Bohemia,Czech Republic,6548,16,7,1996,18,7,1996,2,2,4,,,,,J. Kohout,J. Kohout,J. Růžička,1996,,,Sil5,,,
11154,Silphidae,Thanatophilus,sinuatus,Roudnice nad Labem,Bohemia,Czech Republic,5551,3,6,1996,5,6,1996,2,2,4,,,,,J. Kohout,J. Kohout,J. Růžička,1996,,,Sil5,,,
12314,Silphidae,Thanatophilus,sinuatus,Uherský Brod,Moravia,Czech Republic,6971,1,5,1997,31,5,1997,1,,1,,,,,K. Resl,K. Resl,J. Růžička,2005,,,Sil7,,,
15720,Silphidae,Thanatophilus,sinuatus,"České Budějovice env., Homole",Bohemia,Czech Republic,7052,1,7,1999,31,7,1999,,1,1,,,,,V. Křivan,V. Křivan,J. Růžička,2007,,,Sil9,,,
11174,Silphidae,Thanatophilus,sinuatus,Praha 5-Lahovice-Krňák Nature Monument-Berounka River Billabong,Bohemia,Czech Republic,6052,16,7,1999,18,7,1999,1,1,2,cadaver Oryctolagus, ,,,J. Farkač,J. Farkač,J. Růžička,1999,,,Sil5,,,
12319,Silphidae,Thanatophilus,sinuatus,Šumice,Moravia,Czech Republic,6972,1,5,2000,31,5,2000,,1,1,,,,,K. Resl,K. Resl,J. Růžička,2005,,,Sil7,,,
15721,Silphidae,Thanatophilus,sinuatus,"České Budějovice env., Homole",Bohemia,Czech Republic,7052,1,2,2000,29,2,2000,,1,1,,,,,V. Křivan,V. Křivan,J. Růžička,2007,,,Sil9,,,
15722,Silphidae,Thanatophilus,sinuatus,Černý Kříž,Bohemia,Czech Republic,7048,1,6,2000,30,6,2000,1,,1,,,,,V. Křivan,V. Křivan,J. Růžička,2007,,,Sil9,,,
11186,Silphidae,Thanatophilus,sinuatus,Mašovice,Moravia,Czech Republic,7161,29,5,2001,30,5,2001,1,,1,,,,,A. Holub,A. Holub,J. Růžička,2002,,,Sil5,,,
12320,Silphidae,Thanatophilus,sinuatus,Horní Němčí,Moravia,Czech Republic,7071,1,5,2003,31,5,2003,1,,1,,,,,K. Resl,K. Resl,J. Růžička,2005,,,Sil7,,,
21853,Silphidae,Thanatophilus,sinuatus,"České středohoří Mts., Hrádek, quarry near Raná Hill",Bohemia,Czech Republic,5548-5648,5,4,2005,8,5,2005,1,,1,,,,pitfall traps,M. Holec,P. Moravec (Litoměřice),J. Růžička,2014,,,PC,,,
15726,Silphidae,Thanatophilus,sinuatus,Žabovřesky nad Ohří N env.,Bohemia,Czech Republic,5550,7,8,2005,13,8,2005,1,1,2,,270,,baited pitfall trap (fish),D. Král,D. Král,J. Růžička,2007,,,Sil9,,50°25´16´´ N,14°05´32´´E
14649,,Thanatophilus,sinuatus,"Jizerské hory mts., Nové Město pod Smrkem, U Kyselky",Bohemia,Czech Republic,5057,2,6,2006,21,6,2006,1,,1,"Ztracený potok valley, wetland, mixed forest",600,,yellow pan trap (NaCl solution),P. Vonička & J. Preisler,J. Růžička,J. Růžička,2008,,,PC,,,
18248,Silphidae,Thanatophilus,sinuatus,"Žabovřesky nad Ohří, N env. ",Bohemia,Czech Republic,5550,27,6,2006,12,7,2006,1,,1,"balk between fields, near the former sand pit",270,,baited pitfall trap No. 14 (fish meat),I. Rýzlerová,J. Růžička,J. Růžička,2009,,,PC,50°25.3’N 014°05.5’E,,
18249,Silphidae,Thanatophilus,sinuatus,"Žabovřesky nad Ohří, N env. ",Bohemia,Czech Republic,5550,12,6,2006,27,6,2006,1,,1,non-manured meadow near the former sand pit,270,,baited pitfall trap No. 4 (fish meat),I. Rýzlerová,J. Růžička,J. Růžička,2009,,,PC,50°25.3’N 014°05.5’E,,
18250,Silphidae,Thanatophilus,sinuatus,"Žabovřesky nad Ohří, N env. ",Bohemia,Czech Republic,5550,28,4,2006,14,5,2006,1,,1,non-manured meadow near the former sand pit,270,,baited pitfall trap No. 1 (fish meat),I. Rýzlerová,J. Růžička,J. Růžička,2009,,,PC,50°25.3’N 014°05.5’E,,
22250,Silphidae,Thanatophilus,sinuatus,"Žabovřesky nad Ohří, N env.",Bohemia,Czech Republic,5550,14,4,2006,28,4,2006,1,,1,"counry lane near field, trap No. 8",270,,baited pitfall traps (fish meat),I. Rýzlerová,J. Růžička,J. Růžička,2014,,,PC,,50°25.3’N 014°05.5’E,
22251,Silphidae,Thanatophilus,sinuatus,"Žabovřesky nad Ohří, N env.",Bohemia,Czech Republic,5550,14,4,2006,28,4,2006,,1,1,"counry lane near field, trap No. 9",270,,baited pitfall traps (fish meat),I. Rýzlerová,J. Růžička,J. Růžička,2014,,,PC,,50°25.3’N 014°05.5’E,
22252,Silphidae,Thanatophilus,sinuatus,"Žabovřesky nad Ohří, N env.",Bohemia,Czech Republic,5550,1,10,2006,17,10,2006,,1,1,"non-manured meadow near the former sand pit, trap No. 15",270,,baited pitfall traps (fish meat),I. Rýzlerová,J. Růžička,J. Růžička,2014,,,PC,,50°25.3’N 014°05.5’E,
22254,Silphidae,Thanatophilus,sinuatus,"Žabovřesky nad Ohří, N env.",Bohemia,Czech Republic,5550,27,6,2006,12,7,2006,,1,1,"non-manured meadow near the former sand pit, trap No. 20",270,,baited pitfall traps (fish meat),I. Rýzlerová,J. Růžička,J. Růžička,2014,,,PC,,50°25.3’N 014°05.5’E,
22256,Silphidae,Thanatophilus,sinuatus,"Žabovřesky nad Ohří, N env.",Bohemia,Czech Republic,5550,12,6,2006,28,6,2006,,1,1,"counry lane near field, trap No. 14",270,,baited pitfall traps (fish meat),I. Rýzlerová,J. Růžička,J. Růžička,2014,,,PC,,50°25.3’N 014°05.5’E,
22846,Silphidae,Thanatophilus,sinuatus,"Sušice, Čepičná Natural Reserve",Bohemia,Czech Republic,6747,1,5,2006,31,5,2006,,1,1,,,,,D. Sommer,D. Sommer (Sušice),D. Sommer,2006,J. Růžička,2015,PC,,49.27°N,13.58°E
22255,Silphidae,Thanatophilus,sinuatus,"Žabovřesky nad Ohří, N env.",Bohemia,Czech Republic,5550,12,6,2006,27,6,2006,1,1,2,"extensivelly manured meadow near the former sand pit, trap No. 3",270,,baited pitfall traps (fish meat),I. Rýzlerová,J. Růžička,J. Růžička,2014,,,PC,,50°25.3’N 014°05.5’E,
22257,Silphidae,Thanatophilus,sinuatus,"Žabovřesky nad Ohří, N env.",Bohemia,Czech Republic,5550,12,6,2006,28,6,2006,2,,2,"non-manured meadow near the former sand pit, trap No. 19",270,,baited pitfall traps (fish meat),I. Rýzlerová,J. Růžička,J. Růžička,2014,,,PC,,50°25.3’N 014°05.5’E,
22253,Silphidae,Thanatophilus,sinuatus,"Žabovřesky nad Ohří, N env.",Bohemia,Czech Republic,5550,28,4,2006,14,5,2006,,4,4,"non-manured meadow near the former sand pit, trap No. 19",270,,baited pitfall traps (fish meat),I. Rýzlerová,J. Růžička,J. Růžička,2014,,,PC,,50°25.3’N 014°05.5’E,
14332,,Thanatophilus,sinuatus,"Jizerské hory mts, Albrechtice v Jizerských horách, Křížek",Bohemia,Czech Republic,5257,3,7,2007,8,8,2007,2,,2,,,,unbaited pitfall traps,P. Vonička,J. Růžička,J. Růžička,2007,,,PC,,,
20605,Silphidae,Thanatophilus,sinuatus,Hradec nad Moravicí to Březov,Moravia,Czech Republic,6173,20,5,2009,30,5,2009,1,,1,forest,,,pheromone scolytid trap,L. Honč,Z. Malinka (Opava),J. Růžička,2012,,,PC,,,
22762,Silphidae,Thanatophilus,sinuatus,Plasy,Bohemia,Czech Republic,6046,3,5,2009,10,5,2009,1,,1,okolí domu 563,,,,M. Ouda,M. Ouda (Plasy),J. Růžička,2015,,,PC,,,
23033,Silphidae,Thanatophilus,sinuatus,Stráž nad Ohří-Osvinov,Bohemia,Czech Republic,5644,23,9,2014,7,10,2014,4,,4,meadow,550,650,baited trap - dead mouse,"Kadlec, Máslo, Mikátová",,P. Máslo,2015,,,PC,,50.3547°N,13.0311°E
23027,Silphidae,Thanatophilus,sinuatus,Stráž nad Ohří-Osvinov,Bohemia,Czech Republic,5644,17,5,2014,31,5,2014,4,2,6,meadow,550,650,baited trap - dead mouse,"Kadlec, Máslo, Mikátová",,P. Máslo,2015,,,PC,,50.3547°N,13.0311°E
23034,Silphidae,Thanatophilus,sinuatus,Stráž nad Ohří-Osvinov,Bohemia,Czech Republic,5644,23,9,2014,7,10,2014,5,2,7,meadow,550,650,baited trap - dead rat (100 g),"Kadlec, Máslo, Mikátová",,P. Máslo,2015,,,PC,,50.3547°N,13.0311°E
23035,Silphidae,Thanatophilus,sinuatus,Stráž nad Ohří-Osvinov,Bohemia,Czech Republic,5644,23,9,2014,7,10,2014,3,4,7,meadow,550,650,baited trap - dead rat (500 g),"Kadlec, Máslo, Mikátová",,P. Máslo,2015,,,PC,,50.3547°N,13.0311°E
23031,Silphidae,Thanatophilus,sinuatus,Stráž nad Ohří-Osvinov,Bohemia,Czech Republic,5644,9,8,2014,23,8,2014,24,15,39,meadow,550,650,baited trap - dead rat (100 g),"Kadlec, Máslo, Mikátová",,P. Máslo,2015,,,PC,,50.3547°N,13.0311°E
23030,Silphidae,Thanatophilus,sinuatus,Stráž nad Ohří-Osvinov,Bohemia,Czech Republic,5644,9,8,2014,23,8,2014,23,25,48,meadow,550,650,baited trap - dead mouse,"Kadlec, Máslo, Mikátová",,P. Máslo,2015,,,PC,,50.3547°N,13.0311°E
23028,Silphidae,Thanatophilus,sinuatus,Stráž nad Ohří-Osvinov,Bohemia,Czech Republic,5644,17,5,2014,31,5,2014,27,30,57,meadow,550,650,baited trap - dead rat (100 g),"Kadlec, Máslo, Mikátová",,P. Máslo,2015,,,PC,,50.3547°N,13.0311°E
23032,Silphidae,Thanatophilus,sinuatus,Stráž nad Ohří-Osvinov,Bohemia,Czech Republic,5644,9,8,2014,23,8,2014,55,45,100,meadow,550,650,baited trap - dead rat (500 g),"Kadlec, Máslo, Mikátová",,P. Máslo,2015,,,PC,,50.3547°N,13.0311°E
23029,Silphidae,Thanatophilus,sinuatus,Stráž nad Ohří-Osvinov,Bohemia,Czech Republic,5644,17,5,2014,31,5,2014,138,148,286,meadow,550,650,baited trap - dead rat (500 g),"Kadlec, Máslo, Mikátová",,P. Máslo,2015,,,PC,,50.3547°N,13.0311°E
7703,Silphidae,Thanatophilus,sinuatus,Pacov,Bohemia,Czech Republic,,20,6,1905,,,,1 spec.,,1,,,,,Roubal,"coll. J. Roubal in Slovenské národné múzeum, Bratislava",J. Růžička,1992,,,Sil1,,,
7720,Silphidae,Thanatophilus,sinuatus,Závišť,Bohemia,Czech Republic,,29,7,1906,,,,1 spec.,,1,,,,,Roubal,"coll. J. Roubal in Slovenské národné múzeum, Bratislava",J. Růžička,1992,,,Sil1,,,
7058,Silphidae,Thanatophilus,sinuatus,Stolany,Bohemia,Czech Republic,,6,5,1912,,,,1,,1,,,,,-,coll. J. Volák in Muzeum východních Čech v Hradci Králové,J. Růžička,1992,,,Sil1,,,
7053,Silphidae,Thanatophilus,sinuatus,Chuchle,Bohemia,Czech Republic,,30,4,1914,,,,1,,1,,,,,-,coll. J. Volák in Muzeum východních Čech v Hradci Králové,J. Růžička,1992,,,Sil1,,,
7059,Silphidae,Thanatophilus,sinuatus,"Plzeň env., Darová",Bohemia,Czech Republic,,15,7,1916,,,,,1,1,,,,,A. Růžička,coll. J. Volák in Muzeum východních Čech v Hradci Králové,J. Růžička,1992,,,Sil1,,,
7055,Silphidae,Thanatophilus,sinuatus,"Domažlice env., Dobrá Voda",Bohemia,Czech Republic,,19,5,1917,,,,,1,1,,,,,Růžička,coll. J. Volák in Muzeum východních Čech v Hradci Králové,J. Růžička,1992,,,Sil1,,,
7064,Silphidae,Thanatophilus,sinuatus,"Domažlice env., Dobrá Voda",Bohemia,Czech Republic,,19,5,1917,,,,1,,1,,,,,Růžička,coll. J. Volák in Muzeum východních Čech v Hradci Králové,J. Růžička,1992,,,Sil1,teneral,,
7065,Silphidae,Thanatophilus,sinuatus,Domažlice,Bohemia,Czech Republic,,3,7,1917,,,,,1,1,,,,,Růžička,coll. J. Volák in Muzeum východních Čech v Hradci Králové,J. Růžička,1992,,,Sil1,,,
9096,Silphidae,Thanatophilus,sinuatus,Šumava Mts.-Lipka,Bohemia,Czech Republic,,20,7,1927,,,,3,3,6,cadaver,,,,J. Havlíček,coll. J. Havlíček in Jihočeské muzeum v Českých Budějovicích,J. Růžička,1995,,,Sil1,,,
7717,Silphidae,Thanatophilus,sinuatus,Pacov,Bohemia,Czech Republic,,19,7,1928,,,,1 spec.,,1,,,,,Roubal,"coll. J. Roubal in Slovenské národné múzeum, Bratislava",J. Růžička,1992,,,Sil1,,,
7706,Silphidae,Thanatophilus,sinuatus,Hradec Králové-Zděná bouda,Bohemia,Czech Republic,,13,5,1937,,,,2 spec.,,2,,,,,Roubal,"coll. J. Roubal in Slovenské národné múzeum, Bratislava",J. Růžička,1992,,,Sil1,,,
7718,Silphidae,Thanatophilus,sinuatus,Hradec Králové-Zděná bouda,Bohemia,Czech Republic,,15,5,1937,,,,1 spec.,,1,Calluna,,,,Roubal,"coll. J. Roubal in Slovenské národné múzeum, Bratislava",J. Růžička,1992,,,Sil1,,,
7982,Silphidae,Thanatophilus,sinuatus,Brno-Černovice,Moravia,Czech Republic,,21,6,1941,,,,1,,1,,,,,P. Lauterer,coll. P. Lauterer in Moravské zemské muzeum Brno,J. Růžička,1993,,,Sil1,,,
7073,Silphidae,Thanatophilus,sinuatus,Náměšť,Moravia,Czech Republic,,30,5,1942,,,,,1,1,,,,,Obrtel,coll. J. Volák in Muzeum východních Čech v Hradci Králové,J. Růžička,1992,,,Sil1,,,
8207,Silphidae,Thanatophilus,sinuatus,Říčany,Bohemia,Czech Republic,,7,5,1944,,,,1,,1,,,,,A. Olexa,A. Olexa,J. Růžička,1993,,,Sil1,,,
11227,Silphidae,Thanatophilus,sinuatus,Říčany,Bohemia,Czech Republic,,7,5,1944,,,,1,,1,,,,,-,M. Trýzna,J. Schneider,2002,,,Sil5,,,
13501,Silphidae,Thanatophilus,sinuatus,Říčany,Bohemia,Czech Republic,,4,5,1944,,,,1,,1,,,,,-,M. Trýzna,J. Růžička,2005,,,Sil8,,,
8208,Silphidae,Thanatophilus,sinuatus,Praha 7,Bohemia,Czech Republic,,22,5,1945,,,,,1,1,,,,,A. Olexa,A. Olexa,J. Růžička,1993,,,Sil1,,,
8210,Silphidae,Thanatophilus,sinuatus,Radešovice,Bohemia,Czech Republic,,17,5,1945,,,,1,,1,,,,,A. Olexa,A. Olexa,J. Růžička,1993,,,Sil1,,,
7052,Silphidae,Thanatophilus,sinuatus,"Brünn [Brno] env., Schöllschitz [Želešice]",Moravia,Czech Republic,,24,9,1947,,,,1,,1,,,,,H.R. Henning,coll. J. Volák in Muzeum východních Čech v Hradci Králové,J. Růžička,1992,,,Sil1,,,
7980,Silphidae,Thanatophilus,sinuatus,Brno,Moravia,Czech Republic,,15,5,1947,,,,1,,1,,,,,P. Lauterer,coll. P. Lauterer in Moravské zemské muzeum Brno,J. Růžička,1993,,,Sil1,,,
11200,Silphidae,Thanatophilus,sinuatus,Brno,Moravia,Czech Republic,,25,5,1947,,,,1,,1,,,,,P. Lauterer,coll. P. Lauterer in Moravské zemské muzeum Brno,J. Růžička,2002,,,Sil5,,,
11202,Silphidae,Thanatophilus,sinuatus,Brno,Moravia,Czech Republic,,15,5,1947,,,,1,,1,,,,,P. Lauterer,coll. P. Lauterer in Moravské zemské muzeum Brno,J. Růžička,2002,,,Sil5,JR det. 1993,,
11207,Silphidae,Thanatophilus,sinuatus,Brno,Moravia,Czech Republic,,15,4,1947,,,,,1,1,,,,,P. Lauterer,coll. P. Lauterer in Moravské zemské muzeum Brno,J. Růžička,2002,,,Sil5,,,
7721,Silphidae,Thanatophilus,sinuatus,Plaveč,Moravia,Czech Republic,,7,6,1948,,,,3 spec.,,3,,,,,Roubal,"coll. J. Roubal in Slovenské národné múzeum, Bratislava",J. Růžička,1992,,,Sil1,,,
9090,Silphidae,Thanatophilus,sinuatus,Veselí nad Lužnicí,Bohemia,Czech Republic,,1,11,1948,,,,,1,1,,,,,V. Karas,J. Čech,J. Růžička,1995,,,Sil1,,,
11208,Silphidae,Thanatophilus,sinuatus,Brno-Černovice,Moravia,Czech Republic,6865,24,3,1949,,,,,1,1,,,,,P. Lauterer,coll. P. Lauterer in Moravské zemské muzeum Brno,J. Růžička,2002,,,Sil5,,,
11209,Silphidae,Thanatophilus,sinuatus,Brno-Černovice,Moravia,Czech Republic,6865,25,4,1949,,,,,1,1,,,,,P. Lauterer,coll. P. Lauterer in Moravské zemské muzeum Brno,J. Růžička,2002,,,Sil5,,,
11204,Silphidae,Thanatophilus,sinuatus,Brno-Černovice,Moravia,Czech Republic,6865,21,3,1949,,,,2,,2,,,,,P. Lauterer,coll. P. Lauterer in Moravské zemské muzeum Brno,J. Růžička,2002,,,Sil5,,,
7981,Silphidae,Thanatophilus,sinuatus,Pouzdřany,Moravia,Czech Republic,,21,5,1950,,,,1,,1,,,,,P. Lauterer,coll. P. Lauterer in Moravské zemské muzeum Brno,J. Růžička,1993,,,Sil1,,,
11203,Silphidae,Thanatophilus,sinuatus,Pouzdřany,Moravia,Czech Republic,7065,21,5,1950,,,,1,,1,,,,,P. Lauterer,coll. P. Lauterer in Moravské zemské muzeum Brno,J. Růžička,2002,,,Sil5,,,
11206,Silphidae,Thanatophilus,sinuatus,Pouzdřany,Moravia,Czech Republic,7065,4,6,1952,,,,,1,1,,,,,-,coll. F. Netopil in Moravské zemské muzeum Brno,J. Růžička,2002,,,Sil5,,,
7047,Silphidae,Thanatophilus,sinuatus,Nový Hradec Králové env.,Bohemia,Czech Republic,,20,5,1953,,,,1,,1,,,,,L. Krejčiřík,Muzeum východních Čech v Hradci Králové,J. Růžička,1992,,,Sil1,,,
7049,Silphidae,Thanatophilus,sinuatus,Nový Hradec Králové env.,Bohemia,Czech Republic,,14,4,1953,,,,1,,1,,,,,L. Krejčiřík,Muzeum východních Čech v Hradci Králové,J. Růžička,1992,,,Sil1,,,
11211,Silphidae,Thanatophilus,sinuatus,Nesovice,Moravia,Czech Republic,,7,5,1953,,,,,1,1,,,,,F. Netopil,coll. F. Netopil in Moravské zemské muzeum Brno,J. Růžička,2002,,,Sil5,,,
9094,Silphidae,Thanatophilus,sinuatus,Zlukov,Bohemia,Czech Republic,,10,5,1954,,,,,1,1,,,,,J. Čech,J. Čech,J. Růžička,1995,,,Sil1,,,
9123,Silphidae,Thanatophilus,sinuatus,Janské Lázně,Bohemia,Czech Republic,,8,8,1954,,,,,1,1,,,,,P. Laštovka,Ostravské muzeum,J. Růžička,1996,,,Sil1,,,
7048,Silphidae,Thanatophilus,sinuatus,Žacléř,Bohemia,Czech Republic,,28,6,1955,,,,1,,1,,,,,J. Winter,Muzeum východních Čech v Hradci Králové,J. Růžička,1992,,,Sil1,,,
9097,Silphidae,Thanatophilus,sinuatus,Vodňany,Bohemia,Czech Republic,,30,4,1955,,,,2,3,5,,,,,A. Keil,coll. A. Keil in Jihočeské muzeum v Českých Budějovicích,J. Růžička,1995,,,Sil1,,,
7041,Silphidae,Thanatophilus,sinuatus,"Slatiňany env., Lukavice",Bohemia,Czech Republic,,15,6,1956,,,,,1,1,,,,,J. Musil,Muzeum východních Čech v Hradci Králové,J. Růžička,1992,,,Sil1,,,
9095,Silphidae,Thanatophilus,sinuatus,Veselí nad Lužnicí,Bohemia,Czech Republic,,9,5,1956,,,,1,,1,,,,,J. Čech,J. Čech,J. Růžička,1995,,,Sil1,,,
7072,Silphidae,Thanatophilus,sinuatus,Brno-Jiráskova,Moravia,Czech Republic,,16,11,1958,,,,,1,1,indoors,,,,J. Volák,coll. J. Volák in Muzeum východních Čech v Hradci Králové,J. Růžička,1992,,,Sil1,,,
7046,Silphidae,Thanatophilus,sinuatus,Nehvizdy,Bohemia,Czech Republic,5854,20,4,1959,,,,1,,1,,,,,Janda,Muzeum východních Čech v Hradci Králové,J. Růžička,1992,,,Sil1,,,
7079,Silphidae,Thanatophilus,sinuatus,Mladá,Bohemia,Czech Republic,,12,7,1959,,,,1,,1,,,,,-,Vlastivědné muzeum v České Lípě,J. Růžička,1992,,,Sil1,,,
7080,Silphidae,Thanatophilus,sinuatus,Milovice,Bohemia,Czech Republic,5755,10,9,1959,,,,1,,1,,,,,-,Vlastivědné muzeum v České Lípě,J. Růžička,1992,,,Sil1,,,
7071,Silphidae,Thanatophilus,sinuatus,Bítov nad Dyjí,Moravia,Czech Republic,,28,5,1960,,,,,1,1,,,,,J. Volák,coll. J. Volák in Muzeum východních Čech v Hradci Králové,J. Růžička,1992,,,Sil1,,,
7060,Silphidae,Thanatophilus,sinuatus,Lednice,Moravia,Czech Republic,,9,5,1961,,,,1,,1,pond,,,,J. Volák,coll. J. Volák in Muzeum východních Čech v Hradci Králové,J. Růžička,1992,,,Sil1,,,
7045,Silphidae,Thanatophilus,sinuatus,Praha-Troja,Bohemia,Czech Republic,5852,24,5,1961,,,,3,1,4,,,,,Z. Likovský,Muzeum východních Čech v Hradci Králové,J. Růžička,1992,,,Sil1,,,
8200,Silphidae,Thanatophilus,sinuatus,Krušné hory Mts.-Telnice,Bohemia,Czech Republic,,8,6,1961,,,,3,6,9,,,,,J. Novotný,Vlastivědné muzeum v České Lípě,J. Růžička,1992,,,Sil1,,,
7736,Silphidae,Thanatophilus,sinuatus,Beskydy Mts.-Lučina,Moravia,Czech Republic,,21,6,1962,,,,1,,1,,,,,P. Nohel,"Slovenské národné múzeum, Bratislava",J. Růžička,1993,,,Sil1,,,
7078,Silphidae,Thanatophilus,sinuatus,Zahrádky,Bohemia,Czech Republic,,17,9,1965,,,,1,,1,,,,,M. Honců,Vlastivědné muzeum v České Lípě,J. Růžička,1992,,,Sil1,,,
8217,Silphidae,Thanatophilus,sinuatus,Ostrava,Moravia,Czech Republic,,21,5,1965,,,,,1,1,,,,,T. Sitek,T. Sitek,J. Růžička,1994,,,Sil1,,,
8218,Silphidae,Thanatophilus,sinuatus,Beskydy Mts.-Pržno,Moravia,Czech Republic,,1,5,1965,,,,1,,1,,,,,T. Sitek,T. Sitek,J. Růžička,1994,,,Sil1,,,
15725,Silphidae,Thanatophilus,sinuatus,Žimrovice,Moravia,Czech Republic,6173,2,5,1965,,,,3,,3,,,,,F. Kobylák,Jihomoravské muzeum ve Znojmě,J. Růžička,2007,,,Sil9,,,
11217,Silphidae,Thanatophilus,sinuatus,Zlín,Moravia,Czech Republic,,18,6,1965,,,,1,3,4,,,,,K. Majer,coll. K. Majer in Moravské zemské muzeum Brno,J. Růžička,2002,,,Sil5,,,
9072,Silphidae,Thanatophilus,sinuatus,Beskydy Mts.-Pržno,Moravia,Czech Republic,,16,5,1966,,,,1,1,2,,,,,T. Sitek,T. Sitek,J. Růžička,1994,,,Sil1,,,
7062,Silphidae,Thanatophilus,sinuatus,"Brno env.,",Moravia,Czech Republic,,14,5,1967,,,,1,,1,,,,,J. Volák,coll. J. Volák in Muzeum východních Čech v Hradci Králové,J. Růžička,1992,,,Sil1,,,
8016,Silphidae,Thanatophilus,sinuatus,Veselí nad Lužnicí,Bohemia,Czech Republic,,31,8,1967,,,,1,1,2,,,,,V. Karas,Karas,J. Růžička,1993,,,Sil1,,,
7054,Silphidae,Thanatophilus,sinuatus,"Broumov env., Martínkovice",Bohemia,Czech Republic,,16,8,1968,,,,,1,1,,,,,J. Volák,coll. J. Volák in Muzeum východních Čech v Hradci Králové,J. Růžička,1992,,,Sil1,,,
8015,Silphidae,Thanatophilus,sinuatus,Veselí nad Lužnicí,Bohemia,Czech Republic,,17,8,1968,,,,2,,2,,,,,V. Karas,Karas,J. Růžička,1993,,,Sil1,,,
11216,Silphidae,Thanatophilus,sinuatus,Tisá,Bohemia,Czech Republic,,9,5,1968,,,,1,1,2,,,,,V. Vysoký,Moravské zemské muzeum Brno,J. Růžička,2002,,,Sil5,,,
8022,Silphidae,Thanatophilus,sinuatus,Žloukovice,Bohemia,Czech Republic,5949,12,7,1969,,,,1,,1,,,,,P. Moravec,P. Moravec,J. Růžička,1995,,,Sil1,,,
9107,Silphidae,Thanatophilus,sinuatus,Hradec Králové-Malšovice,Bohemia,Czech Republic,,20,10,1969,,,,1,,1,,,,,J. Prouza,J. Prouza,J. Růžička,1995,,,Sil1,,,
9088,Silphidae,Thanatophilus,sinuatus,Benešov,Bohemia,Czech Republic,,23,6,1970,,,,,1,1,,,,,J. Čech,J. Čech,J. Růžička,1995,,,Sil1,,,
8020,Silphidae,Thanatophilus,sinuatus,Dolní Bezděkov,Bohemia,Czech Republic,,23,4,1971,,,,1,,1,,,,,Mařík,Z. Kačenka,J. Růžička,1994,,,Sil1,Rous det. 1978,,
8023,Silphidae,Thanatophilus,sinuatus,Litoměřice,Bohemia,Czech Republic,,20,4,1971,,,,1,,1,,,,,P. Moravec,P. Moravec,J. Růžička,1995,,,Sil1,,,
8197,Silphidae,Thanatophilus,sinuatus,"Česká Lípa env., Hamr na Jezeře env., Děvínská louka",Bohemia,Czech Republic,,19,9,1971,,,,1,,1,,,,,M. Honců,Vlastivědné muzeum v České Lípě,J. Růžička,1992,,,Sil1,,,
9091,Silphidae,Thanatophilus,sinuatus,Pouzdřany,Moravia,Czech Republic,,6,6,1971,,,,,1,1,,,,,J. Čech,J. Čech,J. Růžička,1995,,,Sil1,,,
8025,Silphidae,Thanatophilus,sinuatus,Litoměřice env.,Bohemia,Czech Republic,,14,5,1971,,,,2,,2,,,,,P. Moravec,P. Moravec,J. Růžička,1995,,,Sil1,,,
9089,Silphidae,Thanatophilus,sinuatus,Benešov,Bohemia,Czech Republic,,7,7,1971,,,,2,,2,,,,,J. Čech,J. Čech,J. Růžička,1995,,,Sil1,,,
11221,Silphidae,Thanatophilus,sinuatus,Jihlava River Valley-Biskoupky,Moravia,Czech Republic,,12,5,1971,,,,3,1,4,,220,,,L. Pospíšilová,Moravské zemské muzeum Brno,J. Růžička,2002,,,Sil5,8/71,,
8198,Silphidae,Thanatophilus,sinuatus,"Česká Lípa env., Hamr na Jezeře env., Hamerská louka",Bohemia,Czech Republic,,19,9,1971,,,,3,2,5,,,,,M. Honců,Vlastivědné muzeum v České Lípě,J. Růžička,1992,,,Sil1,,,
8196,Silphidae,Thanatophilus,sinuatus,"Česká Lípa env., Hamr na Jezeře",Bohemia,Czech Republic,,1,7,1972,,,,1,,1,,,,,M. Honců,Vlastivědné muzeum v České Lípě,J. Růžička,1992,,,Sil1,,,
24150,Silphidae,Thanatophilus,sinuatus,"Polabí Lowland, Týnec nad Labem",Bohemia,Czech Republic,5958,12,5,1972,,,,1,,1,"forest, carrion",,,,L. Mencl,L. Mencl (Týnec nad Labem),J. Růžička,2016,,,PC,,,
24593,Silphidae,Thanatophilus,sinuatus,"Český Brod env., Chrášťany",Bohemia,Czech Republic,,13,5,1972,,,,1,0,1,,,,,T. Růžička,T. Růžička Praha),T. Růžička,,J. Růžička,2016,PC,,,
24594,Silphidae,Thanatophilus,sinuatus,Brandýs nad Orlicí,Bohemia,Czech Republic,5963,2,7,1972,,,,0,1,1,,,,,T. Růžička,T. Růžička Praha),T. Růžička,,J. Růžička,2016,PC,,,
7077,Silphidae,Thanatophilus,sinuatus,"Česká Lípa env., Hamr na Jezeře",Bohemia,Czech Republic,,13,7,1973,,,,1,,1,,,,,M. Honců,Vlastivědné muzeum v České Lípě,J. Růžička,1992,,,Sil1,,,
8014,Silphidae,Thanatophilus,sinuatus,Malý Tisý Pond,Bohemia,Czech Republic,,6,5,1973,,,,,1,1,,,,,V. Karas,Karas,J. Růžička,1993,,,Sil1,,,
9110,Silphidae,Thanatophilus,sinuatus,Přestání,Bohemia,Czech Republic,,25,5,1973,,,,1,,1,,,,,J. Mašek,J. Mašek,J. Růžička,1995,,,Sil1,,,
11215,Silphidae,Thanatophilus,sinuatus,Olomouc-Svatý Kopeček,Moravia,Czech Republic,,19,7,1973,,,,,1,1,,,,,K. Majer,coll. K. Majer in Moravské zemské muzeum Brno,J. Růžička,2002,,,Sil5,,,
12301,Silphidae,Thanatophilus,sinuatus,Křivoklát,Bohemia,Czech Republic,,20,5,1973,,,,,1,1,,,,,P. Werner,Z. Jindra,J. Růžička,2005,,,Sil7,,,
15724,Silphidae,Thanatophilus,sinuatus,Hrušovany nad Jevišovkou,Moravia,Czech Republic,7164,15,4,1973,,,,1,,1,,,,,F. Kobylák,Jihomoravské muzeum ve Znojmě,J. Růžička,2007,,,Sil9,,,
11214,Silphidae,Thanatophilus,sinuatus,Olomouc-Svatý Kopeček,Moravia,Czech Republic,,14,5,1973,,,,2,,2,,,,,K. Majer,coll. K. Majer in Moravské zemské muzeum Brno,J. Růžička,2002,,,Sil5,,,
24147,Silphidae,Thanatophilus,sinuatus,"Polabí Lowland, Kladruby nad Labem",Bohemia,Czech Republic,5958,20,5,1973,,,,,2,2,carrion of Erinaceus,,,,L. Mencl,L. Mencl (Týnec nad Labem),J. Růžička,2016,,,PC,,,
11237,Silphidae,Thanatophilus,sinuatus,Srbská Kamenice,Bohemia,Czech Republic,,20,5,1973,,,,3,,3,,,,,A. Hamet,A. Hamet,J. Růžička,2003,,,Sil5,,,
11218,Silphidae,Thanatophilus,sinuatus,Olomouc-Svatý Kopeček,Moravia,Czech Republic,,5,5,1973,,,,3,1,4,,,,,K. Majer,coll. K. Majer in Moravské zemské muzeum Brno,J. Růžička,2002,,,Sil5,,,
8013,Silphidae,Thanatophilus,sinuatus,Olomouc-Svatý Kopeček,Moravia,Czech Republic,,25,5,1973,,,,2,4,6,,,,,K. Majer,Moravské zemské muzeum Brno,J. Růžička,1993,,,Sil1,,,
11212,Silphidae,Thanatophilus,sinuatus,Olomouc-Svatý Kopeček,Moravia,Czech Republic,,10,5,1973,,,,4,2,6,,,,,K. Majer,coll. K. Majer in Moravské zemské muzeum Brno,J. Růžička,2002,,,Sil5,,,
11213,Silphidae,Thanatophilus,sinuatus,Olomouc-Svatý Kopeček,Moravia,Czech Republic,,25,5,1973,,,,5,1,6,,,,,K. Majer,coll. K. Majer in Moravské zemské muzeum Brno,J. Růžička,2002,,,Sil5,,,
12302,Silphidae,Thanatophilus,sinuatus,Unhošť,Bohemia,Czech Republic,,6,4,1974,,,,1,,1,,,,,P. Werner,Z. Jindra,J. Růžička,2005,,,Sil7,,,
24145,Silphidae,Thanatophilus,sinuatus,"Polabí Lowland, Týnec nad Labem",Bohemia,Czech Republic,5958,8,8,1974,,,,1,,1,,,,,L. Mencl,L. Mencl (Týnec nad Labem),J. Růžička,2016,,,PC,,,
24146,Silphidae,Thanatophilus,sinuatus,Pavlovské vrchy Hills,Moravia,Czech Republic,7165,5,4,1974,,,,,1,1,,,,,L. Mencl,L. Mencl (Týnec nad Labem),J. Růžička,2016,,,PC,,,
24148,Silphidae,Thanatophilus,sinuatus,"Polabí Lowland, Žehuň",Bohemia,Czech Republic,5857,23,3,1974,,,,1,,1,,,,,L. Mencl,L. Mencl (Týnec nad Labem),J. Růžička,2016,,,PC,,,
24151,Silphidae,Thanatophilus,sinuatus,"Pavlovské vrchy Hills, Děvín Hill",Moravia,Czech Republic,7165,5,4,1974,,,,,1,1,,,,,L. Mencl,L. Mencl (Týnec nad Labem),J. Růžička,2016,,,PC,,,
24152,Silphidae,Thanatophilus,sinuatus,"Polabí Lowland, Chlumec nad Cidlinou",Bohemia,Czech Republic,5858,21,7,1974,,,,1,,1,,,,,L. Mencl,L. Mencl (Týnec nad Labem),J. Růžička,2016,,,PC,,,
12313,Silphidae,Thanatophilus,sinuatus,Uherský Brod,Moravia,Czech Republic,6971,22,4,1974,,,,1,1,2,,,,,K. Resl,K. Resl,J. Růžička,2005,,,Sil7,,,
24144,Silphidae,Thanatophilus,sinuatus,"Pavlovské vrchy Hills, Děvín Hill",Moravia,Czech Republic,7165,12,4,1974,,,,1,1,2,,,,,L. Mencl,L. Mencl (Týnec nad Labem),J. Růžička,2016,,,PC,,,
7081,Silphidae,Thanatophilus,sinuatus,Brná,Bohemia,Czech Republic,,1,8,1975,,,,1,,1,,,,,V. Vysoký,Vlastivědné muzeum v České Lípě,J. Růžička,1992,,,Sil1,,,
9098,Silphidae,Thanatophilus,sinuatus,Šumava Mts.-Mrtvý luh,Bohemia,Czech Republic,,21,5,1975,,,,1,,1,,,,,K. Deneš,J. Snížek,J. Růžička,1995,,,Sil1,dispar = Deneš det.,,
11222,Silphidae,Thanatophilus,sinuatus,"Sedlec env., ""Vlčí lesík""",Moravia,Czech Republic,,28,5,1975,,,,1,,1,,186,200,,L. Pospíšilová,Moravské zemské muzeum Brno,J. Růžička,2002,,,Sil5,9/75,,
12281,Silphidae,Thanatophilus,sinuatus,"Plzeň env., Ledce",Bohemia,Czech Republic,,1,5,1975,,,,,1,1,,,,,Benedikt,V. Benedikt,J. Růžička,2003,,,Sil7,,,
11238,Silphidae,Thanatophilus,sinuatus,Holice v Čechách,Bohemia,Czech Republic,,2,5,1975,,,,1,1,2,,,,,A. Hamet,A. Hamet,M. Trýzna ,-,J. Růžička,2003,Sil5,,,
15723,Silphidae,Thanatophilus,sinuatus,Hrušovany nad Jevišovkou,Moravia,Czech Republic,7164,3,5,1976,,,,1,,1,,,,,F. Kobylák,Jihomoravské muzeum ve Znojmě,J. Růžička,2007,,,Sil9,,,
7082,Silphidae,Thanatophilus,sinuatus,"Mladá Boleslav env., Bradlec",Bohemia,Czech Republic,,29,4,1977,,,,1,,1,,,,,K. Mikvas,Vlastivědné muzeum v České Lípě,J. Růžička,1992,,,Sil1,,,
7084,Silphidae,Thanatophilus,sinuatus,Mladá Boleslav,Bohemia,Czech Republic,,3,8,1977,,,,,1,1,alluvium of Jizera,,,,K. Mikvas,Vlastivědné muzeum v České Lípě,J. Růžička,1992,,,Sil1,teneral,,
12282,Silphidae,Thanatophilus,sinuatus,Mutěnice,Moravia,Czech Republic,,10,5,1977,,,,1,,1,,,,,Benedikt,V. Benedikt,J. Růžička,2003,,,Sil7,,,
11175,Silphidae,Thanatophilus,sinuatus,Dolní Cetno,Bohemia,Czech Republic,5554,12,7,1979,,,,1,,1,,,,,Soustružník,V. Týr,J. Růžička,1999,,,Sil5,,,
11176,Silphidae,Thanatophilus,sinuatus,Praha-Troja,Bohemia,Czech Republic,5852,8,6,1979,,,,1,,1,,,,,Soustružník,V. Týr,J. Růžička,1999,,,Sil5,,,
24085,Silphidae,Thanatophilus,sinuatus,"Hrubý Jeseník Mts., Sobotín env.",Moravia,Czech Republic,5968,27,5,1979,,,,1,1,2,,700,,,L. Mencl,L. Mencl (Týnec nad Labem),J. Růžička,2016,,,PC,,,
12304,Silphidae,Thanatophilus,sinuatus,"Teplice env., Dubí",Bohemia,Czech Republic,,28,7,1980,,,,,1,1,,,,,P. Štourač,P. Štourač,J. Růžička,2005,,,Sil7,,,
12316,Silphidae,Thanatophilus,sinuatus,Uherský Brod,Moravia,Czech Republic,6971,25,7,1981,,,,,1,1,,,,,K. Resl,K. Resl,J. Růžička,2005,,,Sil7,,,
8205,Silphidae,Thanatophilus,sinuatus,Doupov-Březina,Bohemia,Czech Republic,,28,5,1982,,,,1,,1,,,,,M. Kuboň,M. Kuboň,J. Růžička,1993,,,Sil1,,,
12291,Silphidae,Thanatophilus,sinuatus,Starkoč,Bohemia,Czech Republic,,15,5,1982,,,,,1,1,,,,,J. Moravec,J. Moravec,J. Růžička,2003,,,Sil7,,,
10176,Silphidae,Thanatophilus,sinuatus,"Břeclav env., Strachotín",Moravia,Czech Republic,,5,6,1982,,,,1,2,3,,,,,P. Zahradník,P. Zahradník,J. Růžička,1989,,,Sil3,,,
10122,Silphidae,Thanatophilus,sinuatus,Sázava,Bohemia,Czech Republic,,9,5,1983,,,,1,,1,,,,,M. Janata,J. Růžička,J. Růžička,1989,,,Sil3,,,
11228,Silphidae,Thanatophilus,sinuatus,"Mladá Boleslav env., Horní Strakory",Bohemia,Czech Republic,,30,4,1983,,,,1,,1,,,,,M. Zúber,M. Trýzna,J. Schneider,2002,,,Sil5,,,
11242,Silphidae,Thanatophilus,sinuatus,Police nad Metují,Bohemia,Czech Republic,,24,6,1983,,,,,1,1,,,,,Z. Vancl, Z. Vancl,J. Růžička,2003,,,Sil5,,,
13502,Silphidae,Thanatophilus,sinuatus,"Mladá Boleslav env., Horní Strakory",Bohemia,Czech Republic,,30,4,1983,,,,1,,1,,,,,M. Zúber,M. Trýzna,J. Růžička,2005,,,Sil8,,,
10120,Silphidae,Thanatophilus,sinuatus,Sázava,Bohemia,Czech Republic,,6,5,1983,,,,1,1,2,,,,,M. Janata,J. Růžička,J. Růžička,1989,,,Sil3,,,
10121,Silphidae,Thanatophilus,sinuatus,Sázava,Bohemia,Czech Republic,,23,4,1983,,,,2,,2,,,,,M. Janata,J. Růžička,J. Růžička,1989,,,Sil3,,,
10123,Silphidae,Thanatophilus,sinuatus,Sázava,Bohemia,Czech Republic,,6,5,1984,,,,,1,1,,,,,M. Janata,J. Růžička,J. Růžička,1989,,,Sil3,,,
23359,Silphidae,Thanatophilus,sinuatus,"Vlašim env., Nové Mlýny",Bohemia,Czech Republic,,11,8,1984,,,,1,,1,,,,,J. Růžička,Z. Švec (Praha),J. Růžička,2016,,,PC,,,
12312,Silphidae,Thanatophilus,sinuatus,Prysk,Bohemia,Czech Republic,,16,5,1984,,,,4,1,5,,,,,J. Lebduška,M. Trýzna,J. Růžička,2005,,,Sil7,,,
11241,Silphidae,Thanatophilus,sinuatus,Police nad Metují,Bohemia,Czech Republic,,5,8,1984,,,,2,6,8,,,,,Z. Vancl, Z. Vancl,J. Růžička,2003,,,Sil5,,,
9108,Silphidae,Thanatophilus,sinuatus,Mikulov,Moravia,Czech Republic,,21,4,1985,,,,1,,1,,,,,J. Prouza,J. Prouza,J. Růžička,1995,,,Sil1,,,
9905,Silphidae,Thanatophilus,sinuatus,Pouzdřany,Moravia,Czech Republic,,4,6,1985,,,,1,,1,,,,,R. Červenka,J. Schneider,J. Růžička,1988,,,Sil3,,,
12290,Silphidae,Thanatophilus,sinuatus,Seč,Bohemia,Czech Republic,,12,8,1985,,,,,1,1,,,,,J. Moravec,J. Moravec,J. Růžička,2003,,,Sil7,,,
9103,Silphidae,Thanatophilus,sinuatus,Plešovice-Kleť Mt.,Bohemia,Czech Republic,,30,8,1986,,,,,1,1,,,,,V. Mikuda,V. Mikuda,J. Růžička,1995,,,Sil1,,,
10167,Silphidae,Thanatophilus,sinuatus,Mladá Boleslav,Bohemia,Czech Republic,,10,8,1986,,,,,1,1,"field, cadaver Felis",,,,O. Nedvěd,O. Nedvěd,J. Růžička,1989,,,Sil3,,,
12300,Silphidae,Thanatophilus,sinuatus,Praha-Troja,Bohemia,Czech Republic,5852,18,5,1986,,,,,1,1,,,,,Z. Jindra,Z. Jindra,M. Trýzna ,-,J. Růžička,2005,Sil7,,,
11169,Silphidae,Thanatophilus,sinuatus,Lásenice,Bohemia,Czech Republic,6955,1,8,1986,,,,2,,2,,,,,D. Boukal,D. Boukal,J. Růžička,1997,,,Sil5,,,
9903,Silphidae,Thanatophilus,sinuatus,Pavlovské vrchy Hills,Moravia,Czech Republic,,28,3,1987,,,,1,,1,,,,,R. Červenka,J. Schneider,J. Růžička,1988,,,Sil3,month hard to read - 5?,,
9904,Silphidae,Thanatophilus,sinuatus,Čelákovice,Bohemia,Czech Republic, ,9,5,1987,,,,1,,1,,,,,R. Červenka,J. Schneider,J. Růžička,1988,,,Sil3,,,
12293,Silphidae,Thanatophilus,sinuatus,Opava,Moravia,Czech Republic,,13,6,1987,,,,1,,1,,,,,O. Malinka,Z. Malinka,J. Růžička,2004,,,Sil7,,,
11170,Silphidae,Thanatophilus,sinuatus,Lásenice,Bohemia,Czech Republic,6955,7,8,1988,,,,1,,1,,,,,D. Boukal,D. Boukal,J. Růžička,1997,,,Sil5,,,
12315,Silphidae,Thanatophilus,sinuatus,Bzenec-přívoz Ferry,Moravia,Czech Republic,7069,29,5,1988,,,,,1,1,,,,,K. Resl,K. Resl,J. Růžička,2005,,,Sil7,,,
13488,Silphidae,Thanatophilus,sinuatus,Bzenec-přívoz Ferry,Moravia,Czech Republic,7069,8,8,1988,,,,1,,1,,,,,K. Resl,K. Resl,J. Růžička,2005,,,Sil8,,,
13492,Silphidae,Thanatophilus,sinuatus,Malá Vrbka,Moravia,Czech Republic,7170,6,5,1988,,,,,1,1,,,,,P. Bezděčka,K. Resl,J. Růžička,2005,,,Sil8,,,
13491,Silphidae,Thanatophilus,sinuatus,Javorník nad Veličkou [Javorník],Moravia,Czech Republic,7171,20,4,1988,,,,1,1,2,,,,,P. Bezděčka,K. Resl,J. Růžička,2005,,,Sil8,,,
7051,Silphidae,Thanatophilus,sinuatus,Polabská nížina Lowland-Vysoká nad Labem,Bohemia,Czech Republic,,14,6,1988,,,,2,1,3,cadaver Talpa,,,,M. Mikát,M. Mikát,J. Růžička,1992,,,Sil1,,,
11192,Silphidae,Thanatophilus,sinuatus,Čejč,Moravia,Czech Republic,7067,21,6,1989,,,,1,,1,,,,,Bílý & Studničková,"Národní muzeum, Praha",J. Růžička,2002,,,Sil5,,,
11193,Silphidae,Thanatophilus,sinuatus,"Břeclav env., Pohansko",Moravia,Czech Republic,,18,10,1989,,,,1,,1,,,,,Bílý & Jelínek,"Národní muzeum, Praha",J. Růžička,2002,,,Sil5,,,
12307,Silphidae,Thanatophilus,sinuatus,Praha-Tiché údolí,Bohemia,Czech Republic,,26,4,1989,,,,,1,1,,,,,-,M. Trýzna,J. Růžička,2005,,,Sil7,,,
9073,Silphidae,Thanatophilus,sinuatus,Beskydy Mts.-Metylovická hůrka Hill,Moravia,Czech Republic,6375,8,5,1990,,,,,1,1,,400,,,T. Sitek,T. Sitek,J. Růžička,1994,,,Sil1,,,
13489,Silphidae,Thanatophilus,sinuatus,Slavkovský les Protected Landscape Area-Krásno,Bohemia,Czech Republic,5842,30,4,1990,,,,1,,1,,,,,K. Resl,K. Resl,J. Růžička,2005,,,Sil8,,,
15727,Silphidae,Thanatophilus,sinuatus,Pouzdřany,Moravia,Czech Republic,,23,5,1990,,,,2,,2,,,,,J. Hájek,"coll. J. Hájek in Národní muzeum, Praha",J. Růžička,2007,,,Sil9,,,
7998,Silphidae,Thanatophilus,sinuatus,Choťovice,Bohemia,Czech Republic,,13,4,1991,,,,1,,1,,,,,J. Krátký,J. Krátký,J. Růžička,1995,,,Sil1,,,
9077,Silphidae,Thanatophilus,sinuatus,Blíževedly,Bohemia,Czech Republic,,1,7,1991,,,,,1,1,,,,,M. Jaroš,M. Jaroš,J. Růžička,1994,,,Sil1,,,
11166,Silphidae,Thanatophilus,sinuatus,Vysoká nad Labem,Bohemia,Czech Republic,5860,30,5,1991,,,,1,,1,,,,,M. Mikát,M. Mikát,J. Růžička,1997,,,Sil5,,,
23333,Silphidae,Thanatophilus,sinuatus,"Podyjí Nat. Park, Popice",Moravia,Czech Republic,7162,14,7,1991,,,,1,,1,,,,,Jaroslav Jelínek,Jaroslav Jelínek (Choceň),J. Růžička,2016,,,PC,,,
8028,Silphidae,Thanatophilus,sinuatus,Vernířovice,Moravia,Czech Republic,,23,8,1991,,,,,2,2,,,,,J. Krátký,J. Krátký,J. Růžička,1995,,,Sil1,,,
9075,Silphidae,Thanatophilus,sinuatus,"Kolín env., Velký Osek",Bohemia,Czech Republic,,18,5,1992,,,,1,,1,,,,,V. Vrabec,V. Vrabec,J. Růžička,1994,,,Sil1,,,
9078,Silphidae,Thanatophilus,sinuatus,"Luže env., Štěnec",Bohemia,Czech Republic,,12,9,1992,,,,,1,1,,,,,S. Laibner,S. Laibner,J. Růžička,1994,,,Sil1,,,
12303,Silphidae,Thanatophilus,sinuatus,Praha-Troja,Bohemia,Czech Republic,5852,27,9,1992,,,,,1,1,"steppe hillside, under Calluna", ,,,P. Štourač,P. Štourač,J. Růžička,2005,,,Sil7,,,
9099,Silphidae,Thanatophilus,sinuatus,"České Budějovice env., Šalmanovice",Bohemia,Czech Republic,,7,5,1993,,,,1,,1,,,,,M. Snížek,M. Snížek,J. Růžička,1995,,,Sil1,,,
9101,Silphidae,Thanatophilus,sinuatus,"Znojmo env., Popice",Moravia,Czech Republic,,5,6,1993,,,,,1,1,,,,,M. Snížek,M. Snížek,J. Růžička,1995,,,Sil1,,,
11239,Silphidae,Thanatophilus,sinuatus,Šumava Mts.-Lbín,Bohemia,Czech Republic,,2,6,1993,,,,,1,1,,,,,A. Hamet,A. Hamet,M. Trýzna ,-,J. Růžička,2003,Sil5,,,
9074,Silphidae,Thanatophilus,sinuatus,Beskydy Mts.-Metylovická hůrka Hill,Moravia,Czech Republic,6375,24,7,1993,,,,2,,2,,400,,,T. Sitek,T. Sitek,J. Růžička,1994,,,Sil1,,,
9082,Silphidae,Thanatophilus,sinuatus,Libavá env.,Moravia,Czech Republic,,24,7,1993,,,,1,3,4,bovine bone,,,,Z. Malinka,Z. Malinka,J. Růžička,1995,,,Sil1,,,
9079,Silphidae,Thanatophilus,sinuatus,Polabí Region-Milovice,Bohemia,Czech Republic,,3,8,1994,,,,1,,1,,,,,Rejsek,Rejsek,J. Růžička,1994,,,Sil1,,,
9080,Silphidae,Thanatophilus,sinuatus,Polabí Region-Milovice,Bohemia,Czech Republic,,27,7,1994,,,,,1,1,,,,,Rejsek,Rejsek,J. Růžička,1994,,,Sil1,,,
9081,Silphidae,Thanatophilus,sinuatus,Polabí Region-Milovice,Bohemia,Czech Republic,,2,6,1994,,,,1,,1,,,,,Rejsek,Rejsek,J. Růžička,1994,,,Sil1,,,
9105,Silphidae,Thanatophilus,sinuatus,Hluboká nad Vltavou,Bohemia,Czech Republic,,7,5,1994,,,,1,,1,,,,,A. Holub,A. Holub,J. Růžička,1995,,,Sil1,,,
22018,Silphidae,Thanatophilus,sinuatus,Vsetín-Jasenice,Moravia,Czech Republic,,25,5,1994,,,,1,,1,,,,,O. Konvička,O. Konvička (Zlín),J. Růžička,2014,,,PC,,,
23287,Silphidae,Thanatophilus,sinuatus,"Choceň env., Darebnice",Bohemia,Czech Republic,5963,5,5,1994,,,,,1,1,,,,,Jaroslav Jelínek,Jaroslav Jelínek (Choceň),J. Růžička,2016,,,PC,,,
23288,Silphidae,Thanatophilus,sinuatus,"Choceň env., Darebnice",Bohemia,Czech Republic,5963,23,4,1994,,,,1,,1,,,,,Jaroslav Jelínek,Jaroslav Jelínek (Choceň),J. Růžička,2016,,,PC,,,
9100,Silphidae,Thanatophilus,sinuatus,Pouzdřany,Moravia,Czech Republic,,21,5,1994,,,,1,1,2,,,,,M. Snížek,M. Snížek,J. Růžička,1995,,,Sil1,,,
8026,Silphidae,Thanatophilus,sinuatus,Jizerské hory Mts.-Rašeliniště Jizery National Nature Reserve,Bohemia,Czech Republic,,5,8,1994,,,,1,2,3,open area,830,,pitfall trap,P. Vonička,P. Vonička,J. Růžička,1995,,,Sil1,,,
24155,Silphidae,Thanatophilus,sinuatus,Velký Osek,Bohemia,Czech Republic,5957,24,7,1994,,,,5,,5,,,,,L. Mencl,L. Mencl (Týnec nad Labem),J. Růžička,2016,,,PC,,,
9113,Silphidae,Thanatophilus,sinuatus,Krkonoše Mts.-Obří důl Valley,Bohemia,Czech Republic,,6,7,1995,,,,,1,1,,,,,L. Daněk,L. Daněk,J. Růžička,1996,,,Sil1,,,
11235,Silphidae,Thanatophilus,sinuatus,"Znojmo env., Popice env., Sealsfieldův kámen",Moravia,Czech Republic,,8,5,1995,,,,1,,1,,,,,A. Reiter,M. Škorpík,J. Růžička,2002,,,Sil5,,,
12306,Silphidae,Thanatophilus,sinuatus,"Praha env., Ondřejov",Bohemia,Czech Republic,,29,7,1995,,,,,1,1,forest path,,,,P. Štourač,P. Štourač,J. Růžička,2005,,,Sil7,,,
23289,Silphidae,Thanatophilus,sinuatus,Újezd u Chocně,Bohemia,Czech Republic,5962,28,6,1995,,,,,1,1,sandpit,,,,Jaroslav Jelínek,Jaroslav Jelínek (Choceň),J. Růžička,2016,,,PC,,,
11173,Silphidae,Thanatophilus,sinuatus,Praha-ZOO,Bohemia,Czech Republic,,19,5,1995,,,,3,,3,excrements of Panthera Tigris, ,,individually,M. Drdová,M. Drdová,J. Růžička,1998,,,Sil5,clo. D. Král dipl,,
11234,Silphidae,Thanatophilus,sinuatus,Lukov-Gáliš,Moravia,Czech Republic,,14,9,1995,,,,3,,3,,,,,A. Reiter,M. Škorpík,J. Růžička,2002,,,Sil5,,,
11152,Silphidae,Thanatophilus,sinuatus,"Nepomuk env., Kotouň",Bohemia,Czech Republic,6548,18,8,1996,,,,,1,1,,,,,J. Kohout,J. Kohout,J. Růžička,1996,,,Sil5,,,
11233,Silphidae,Thanatophilus,sinuatus,"Znojmo env., Cínová hora",Moravia,Czech Republic,,2,5,1996,,,,1,,1,,,,,M. Škorpík,M. Škorpík,J. Růžička,2002,,,Sil5,,,
12283,Silphidae,Thanatophilus,sinuatus,Lipno env.,Bohemia,Czech Republic,6244–6245,8,5,1996,,,,1,,1,slopes over Mže River,,,,S. Benedikt,V. Benedikt,J. Růžička,2003,,,Sil7,,,
15719,Silphidae,Thanatophilus,sinuatus,"České Budějovice env., Homole",Bohemia,Czech Republic,7052,21,5,1996,,,,,1,1,,,,,K. Křivan,V. Křivan,J. Růžička,2007,,,Sil9,319,,
11155,Silphidae,Thanatophilus,sinuatus,Roudnice nad Labem,Bohemia,Czech Republic,5551,18,6,1996,,,,,2,2,,,,,J. Kohout,J. Kohout,J. Růžička,1996,,,Sil5,,,
11167,Silphidae,Thanatophilus,sinuatus,Český Krumlov,Bohemia,Czech Republic,7151,26,9,1996,,,,4,2,6,,,,,A. Holub,A. Holub,J. Růžička,1997,,,Sil5,,,
11168,Silphidae,Thanatophilus,sinuatus,Bzenec-přívoz Ferry,Moravia,Czech Republic,7069,8,5,1997,,,,,1,1,,,,,A. Holub,A. Holub,J. Růžička,1997,,,Sil5,,,
13530,Silphidae,Thanatophilus,sinuatus,Kleť,Bohemia,Czech Republic,,11,5,1997,,,,1,,1,,,,,V. Křivan,V. Křivan,J. Růžička,2007,,,Sil8,995,,
11172,Silphidae,Thanatophilus,sinuatus,"Vyšší Brod env., Kapličky",Bohemia,Czech Republic,,6,10,1997,,,,2,,2,,,,,M. Snížek,M. Snížek,J. Růžička,1997,,,Sil5,,,
11181,Silphidae,Thanatophilus,sinuatus,Jizerské hory Mts.-Janov nad Nisou-lom Hraničná Quarry,Bohemia,Czech Republic,5256,5,6,1998,,,,1,,1,quarry,600,,,P. Vonička,P. Vonička,J. Růžička,2000,,,Sil5,,,
12279,Silphidae,Thanatophilus,sinuatus,"Břeclav env., Pohansko env., Dyje River",Moravia,Czech Republic,,29,5,1998,,,,1,,1,,,,,M. Horsák,M. Horsák,J. Růžička,2003,,,Sil7,,,
13515,Silphidae,Thanatophilus,sinuatus,"Šluknov env., Rožanov",Bohemia,Czech Republic,,12,6,1998,,,,1,,1,,,,,Z. Lust,Z. Lust,J. Růžička,2005,,,Sil8,,,
11232,Silphidae,Thanatophilus,sinuatus,"Znojmo env., Popice",Moravia,Czech Republic,,17,4,1998,,,,2,,2,,,,,M. Škorpík,M. Škorpík,J. Růžička,2002,,,Sil5,,,
11180,Silphidae,Thanatophilus,sinuatus,Bílčice,Moravia,Czech Republic,6171,20,8,1999,,,,1,,1,,,,,M. Fikáček,"M. Fikáček, Ostrava",J. Růžička,2000,,,Sil5,,,
12280,Silphidae,Thanatophilus,sinuatus,"Rebešovice env., Velké Družďavy Nature Monument",Moravia,Czech Republic,,2,4,1999,,,,1,,1,,,,,"Horsák, Kment & Nerudová",M. Horsák,J. Růžička,2003,,,Sil7,,,
12289,Silphidae,Thanatophilus,sinuatus,"Hazmburk env., Slatina",Bohemia,Czech Republic,5550,27,3,1999,,,,1,,1,,,,,M. Jaroš,M. Jaroš,J. Růžička,2003,,,Sil7,,,
14837,,Thanatophilus,sinuatus,Hluboká nad Vltavou,Bohemia,Czech Republic,,4,6,1999,,,,1,,1,,,,,F. Houška,F. Houška,J. Růžička,2008,,,PC,,,
14838,,Thanatophilus,sinuatus,Hluboká nad Vltavou,Bohemia,Czech Republic,,12,5,1999,,,,1,,1,,,,,F. Houška,F. Houška,J. Růžička,2008,,,PC,,,
13522,Silphidae,Thanatophilus,sinuatus,"Šluknov env., Harrachov ",Bohemia,Czech Republic,,18,5,1999,,,,2,,2,quarry,,,,L. Blažej,L. Blažej,J. Růžička,2005,,,Sil8,,,
11188,Silphidae,Thanatophilus,sinuatus,"Frahelž env., Naděje Pond",Bohemia,Czech Republic,6854,30,4,2000,,,,,1,1,,,,,A. Holub,A. Holub,J. Růžička,2002,,,Sil5,,,
11225,Silphidae,Thanatophilus,sinuatus,Víska,Moravia,Czech Republic,6268,20,9,2000,,,,1,,1,cadaver,,,,O. Nakládal,O. Nakládal,J. Růžička,2002,,,Sil5,,,
11226,Silphidae,Thanatophilus,sinuatus,Víska,Moravia,Czech Republic,6268,23,4,2000,,,,1,,1,,,,,O. Nakládal,O. Nakládal,J. Růžička,2002,,,Sil5,,,
12286,Silphidae,Thanatophilus,sinuatus,"Jihlava env., Borovinka Pond env.",Moravia,Czech Republic,6559,1,7,2000,,,,,1,1,,,,,P. Komzák,P. Komzák,J. Růžička,2003,,,Sil7,,,
13519,Silphidae,Thanatophilus,sinuatus,"Šluknov env., Rožanov",Bohemia,Czech Republic,,30,4,2000,,,,1,,1,,,,,Z. Lust,Z. Lust,J. Růžička,2005,,,Sil8,,,
13521,Silphidae,Thanatophilus,sinuatus,"SW Šluknov env., Hrazený Hill",Bohemia,Czech Republic,,7,5,2000,,,,1,,1,,,,,Z. Lust,Z. Lust,J. Růžička,2005,,,Sil8,,,
13524,Silphidae,Thanatophilus,sinuatus,Šluknov-Tyršova ulice Street,Bohemia,Czech Republic,4952,17,5,2000,,,,1,,1,,,,,L. Blažej,L. Blažej,J. Růžička,2005,,,Sil8,,,
12285,Silphidae,Thanatophilus,sinuatus,Brno-Černovice-Ráječek env.,Moravia,Czech Republic,6865,20,4,2000,,,,2,,2,,,,,P. Komzák,P. Komzák,J. Růžička,2003,,,Sil7,,,
13523,Silphidae,Thanatophilus,sinuatus,Dolní Podluží,Bohemia,Czech Republic,5153,3,6,2000,,,,,2,2,,,,,L. Blažej,L. Blažej,J. Růžička,2005,,,Sil8,,,
14839,,Thanatophilus,sinuatus,Přední Zvonková,Bohemia,Czech Republic,,23,9,2000,,,,2,2,4,,,,,F. Houška,F. Houška,J. Růžička,2008,,,PC,,,
23331,Silphidae,Thanatophilus,sinuatus,"Čermná nad Orlicí env., Nová Ves",Bohemia,Czech Republic,5962,22,9,2000,,,,3,1,4,vřesoviště,,,,Jaroslav Jelínek,Jaroslav Jelínek (Choceň),J. Růžička,2016,,,PC,,,
11187,Silphidae,Thanatophilus,sinuatus,Čejč,Moravia,Czech Republic,7067,2,6,2001,,,,1,,1,,,,,A. Holub,A. Holub,J. Růžička,2002,,,Sil5,,,
11243,Silphidae,Thanatophilus,sinuatus,Žďár nad Metují,Bohemia,Czech Republic,5463,30,4,2001,,,,1,,1,,,,,Z. Vancl, Z. Vancl,J. Růžička,2003,,,Sil5,,,
12274,Silphidae,Thanatophilus,sinuatus,Jaroslavice,Moravia,Czech Republic,7263,7,5,2001,,,,1,,1,,,,,Z. Vancl,Z. Vancl,J. Růžička,2003,,,Sil7,,,
12287,Silphidae,Thanatophilus,sinuatus,Podyjí National Park-Šobes,Moravia,Czech Republic,,15,8,2001,,,,,1,1,,,,,O. Meixnerová,P. Komzák,J. Růžička,2003,,,Sil7,,,
11244,Silphidae,Thanatophilus,sinuatus,Bělý-Písčitý důl,Bohemia,Czech Republic,5463,14,9,2002,,,,1,,1,,,,flight interception trap,Z. Vancl,Z. Vancl,J. Růžička,2003,,,Sil5,,,
12288,Silphidae,Thanatophilus,sinuatus,Mašovice-Mašovická střelnice Natural Monument,Moravia,Czech Republic,7161,29,6,2002,,,,1,,1,,,,,P. Komzák,P. Komzák,J. Růžička,2003,,,Sil7,,,
12294,Silphidae,Thanatophilus,sinuatus,"České středohoří Mts.-Obřice env., Vršetín Hill",Bohemia,Czech Republic,5549,11,4,2002,,,,1,,1,,,,,P. Moravec,P. Moravec,J. Růžička,2004,,,Sil7,,,
12292,Silphidae,Thanatophilus,sinuatus,Hevlín-Trávní dvůr South,Moravia,Czech Republic,7264,23,4,2003,,,,1,,1,,,,,A. Reiter,Jihomoravské muzeum ve Znojmě,J. Růžička,2004,,,Sil7,,,
13490,Silphidae,Thanatophilus,sinuatus,Čejč,Moravia,Czech Republic,7067,26,4,2003,,,,,1,1,,,,,K. Resl,K. Resl,J. Růžička,2005,,,Sil8,,,
13516,Silphidae,Thanatophilus,sinuatus,"Šluknov env., Rožanov",Bohemia,Czech Republic,,3,5,2003,,,,,1,1,quarry,,,,Z. Lust,Z. Lust,J. Růžička,2005,,,Sil8,,,
13517,Silphidae,Thanatophilus,sinuatus,"Šluknov env., Rožanov",Bohemia,Czech Republic,,24,5,2003,,,,1,,1,quarry,,,,Z. Lust,Z. Lust,J. Růžička,2005,,,Sil8,,,
13518,Silphidae,Thanatophilus,sinuatus,"Šluknov env., Rožanov",Bohemia,Czech Republic,,4,5,2003,,,,1,,1,quarry,,,,Z. Lust,Z. Lust,J. Růžička,2005,,,Sil8,,,
13520,Silphidae,Thanatophilus,sinuatus,"Šluknov env., Rožanov",Bohemia,Czech Republic,,21,5,2003,,,,,1,1,quarry,,,,Z. Lust,Z. Lust,J. Růžička,2005,,,Sil8,,,
12297,Silphidae,Thanatophilus,sinuatus,"Čížov env., Hradecká stráň",Moravia,Czech Republic,7161,17,6,2004,,,,1,,1,,,,,A. Reiter,Jihomoravské muzeum ve Znojmě,J. Háva,2004,J. Růžička,2004,Sil7,,,
13529,Silphidae,Thanatophilus,sinuatus,Slovenské Beskydy Mts. Velký Stožek Mt.,Moravia,Czech Republic,6378,31,5,2004,,,,,1,1,,,,,R. Szopa,R. Szopa,J. Růžička,2006,,,Sil8,,,
23332,Silphidae,Thanatophilus,sinuatus,Uherčice,Moravia,Czech Republic,7065,7,5,2004,,,,,1,1,,,,,Jaroslav Jelínek,Jaroslav Jelínek (Choceň),J. Růžička,2016,,,PC,,,
24237,Silphidae,Thanatophilus,sinuatus,"Pavlovice env., Pavlovická stráň Nature Reserve",Bohemia,Czech Republic,6142,3,10,2004,,,,,1,1,,,,,S. Benedikt,V. Benedikt (Plzeň),J. Růžička,2016,,,PC,,,
24156,Silphidae,Thanatophilus,sinuatus,"Čejkovice env., Špidláky Nature Monument",Moravia,Czech Republic,7067,22,8,2004,,,,2,,2,,220,,,L. Mencl,L. Mencl (Týnec nad Labem),J. Růžička,2016,,,PC,,,
12298,Silphidae,Thanatophilus,sinuatus,Litovel-Víska,Moravia,Czech Republic,6368,12,8,2004,,,,1,2,3,cadaver Gallus gallus,,,,O. Nakládal,O. Nakládal ,J. Růžička,2005,,,Sil7,,,
12296,Silphidae,Thanatophilus,sinuatus,"Pardubice env., Veska env.",Bohemia,Czech Republic,5960,4,9,2004,,,,1,3,4,,,,,R. Udržal,R. Udržal,J. Růžička,2004,,,Sil7,,,
13499,Silphidae,Thanatophilus,sinuatus,"Krhovice env., Vraní vrch",Moravia,Czech Republic,7163,5,5,2005,,,,1,,1,,,,,A. Reiter,Jihomoravské muzeum ve Znojmě,J. Růžička,2005,,,Sil8,,,
13525,Silphidae,Thanatophilus,sinuatus,Hanice-Horecký kopec Hill,Moravia,Czech Republic,7261,24,5,2005,,,,1,,1,,,,,A. Reiter,Jihomoravské muzeum ve Znojmě,J. Růžička,2005,,,Sil8,,,
24236,Silphidae,Thanatophilus,sinuatus,"Krumvíř env., Louky pod Krumštátem",Moravia,Czech Republic,7067,16,5,2005,,,,,1,1,,,,,V. Benedikt,V. Benedikt (Plzeň),J. Růžička,2016,,,PC,,,
21854,Silphidae,Thanatophilus,sinuatus,"České středohoří Mts., Libouchec env.",Bohemia,Czech Republic,5250,20,5,2006,,,,1,,1,,,,,P. Moravec,P. Moravec (Litoměřice),J. Růžička,2014,,,PC,,,
14396,,Thanatophilus,sinuatus,"Pavlice, Pavlické louky",Moravia,Czech Republic,7061a,25,4,2007,,,,,1,1,,,,,A. Reiter,Jihomoravské muzeum ve Znojmě,J. Růžička,2008,,,PC,,,
14982,,Thanatophilus,sinuatus,Sedlčany-Hrazeny,Bohemia,Czech Republic,6252,19,5,2007,,,,1,,1,,,,,A. Trmal,A. Trmal (Sedlčany),J. Růžička,2008,,,PC,,,
14914,,Thanatophilus,sinuatus,"Vrbovec, Vrbovecký rybník",Moravia,Czech Republic,7262b,15,8,2008,,,,,1,1,,,,,A. Reiter,Jihomoravské muzeum ve Znojmě,J. Růžička,2008,,,PC,,,
20571,Silphidae,Thanatophilus,sinuatus,Žrůtky,Moravia,Czech Republic,7061,5,5,2008,,,,,1,1,quarry,,,,A. Reiter,Jihomoravské muzeum ve Znojmě,J. Růžička,2012,,,PC,,,
22845,Silphidae,Thanatophilus,sinuatus,Břeclav-Pohansko,Moravia,Czech Republic,,16,7,2008,,,,1,,1,,,,,R. Fornůsek,D. Sommer (Sušice),J. Růžička,2015,,,PC,,,
24239,Silphidae,Thanatophilus,sinuatus,Říp Hill,Bohemia,Czech Republic,5651,30,9,2008,,,,,1,1,,,,pitfall traps,P. Marhoul,V. Benedikt (Plzeň),J. Růžička,2016,,,PC,,,
24238,Silphidae,Thanatophilus,sinuatus,Kamenec,Bohemia,Czech Republic,6147,29,8,2008,,,,1,1,2,,,,,V. Benedikt jr.,V. Benedikt (Plzeň),J. Růžička,2016,,,PC,,,
18214,Silphidae,Thanatophilus,sinuatus,"Kutná Hora env., 1.7 km SE of Mezholezy",Bohemia,Czech Republic,6057,18,5,2009,,,,,1,1,"carrion of Lepus europaeus, sand pit, groove/meadow ecotone",,,,J. Farkač,J. Růžička,J. Růžička,2009,,,PC,49°55.48'N 015°12.67'E,,
18221,Silphidae,Thanatophilus,sinuatus,"Kutná Hora env., 1.7 km SE of Mezholezy",Bohemia,Czech Republic,6057,18,5,2009,,,,,5,5,"carrion of Lepus europaeus, sand pit, groove/meadow ecotone",,,,J. Farkač,J. Růžička,J. Růžička,2009,,,PC,49°55.48'N 015°12.67'E,,
22019,Silphidae,Thanatophilus,sinuatus,"Bylnice env., Na Stráži hill",Moravia,Czech Republic,6974,26,4,2010,,,,1,,1,,,,,O. Konvička,O. Konvička (Zlín),J. Růžička,2014,,,PC,,,
20090,Silphidae,Thanatophilus,sinuatus,"Kladská env., Mýtský rybník pond",Bohemia,Czech Republic,5942,14,8,2011,,,,,1,1,meadows,820,,,S. Benedikt,V. Benedikt (Plzeň),J. Růžička,2011,,,PC,reduced ribs on elytra,,
24241,Silphidae,Thanatophilus,sinuatus,"Mnichov env., Pluhův bor Reserve ",Bohemia,Czech Republic,5942,7,5,2011,,,,,1,1,,700,,,S. Benedikt,V. Benedikt (Plzeň),J. Růžička,2016,,,PC,,,
22763,Silphidae,Thanatophilus,sinuatus,"Nebřeziny, Kaňon Střely",Bohemia,Czech Republic,6046,9,5,2011,,,,3,,3,on Meles,,,,M. Ouda,M. Ouda (Plasy),J. Růžička,2015,,,PC,,,
20570,Silphidae,Thanatophilus,sinuatus,"Šatov env., Peklo",Moravia,Czech Republic,7262a,10,5,2012,,,,,1,1,,,,,A. Reiter,Jihomoravské muzeum ve Znojmě,J. Růžička,2012,,,PC,,,
24393,Silphidae,Thanatophilus,sinuatus,"Hvozd env., Taramka Nature Monument",Bohemia,Czech Republic,6367,5,7,2012,,,,1,,1,,,,,D. Benda,O. Kouklík (Praha),P. Jakubec,2016,,,PC,,,
22332,Silphidae,Thanatophilus,sinuatus,"České Budějovice env., Nová Ves",Bohemia,Czech Republic,7053,18,7,2013,,,,1,,1,,,,,M. Snížek,M. Snížek (České Budějovice),J. Růžička,2014,,,PC,,,
22569,Silphidae,Thanatophilus,sinuatus,"Běstvina, Pařížov dam ",Bohemia,Czech Republic,6159,3,7,2013,,,,1,,1,,,,pitfall trap,J. Pražák,J. Pražák (Hradec Králové),J. Růžička,2014,,,PC,49°49'49ʺN 15°34'20ʺE,,
23693,Silphidae,Thanatophilus,sinuatus,"Český Krumlov, Slupenec",Bohemia,Czech Republic,,3,9,2014,,,,1,,1,,,,,M. Snížek,M. Snížek (České Budějovice),J. Růžička,2016,,,PC,,,
22696,Silphidae,Thanatophilus,sinuatus,"Božice, 1 km W of railway station ",Moravia,Czech Republic,7163,7,5,2014,,,,1,1,2,sandpit,,,baited pitfall traps,A. Reiter,Jihomoravské muzeum ve Znojmě,J. Růžička,2015,,,PC,,,
23694,Silphidae,Thanatophilus,sinuatus,"České Budějovice, Komařice env.",Bohemia,Czech Republic,,6,8,2014,,,,,2,2,,,,,M. Snížek,M. Snížek (České Budějovice),J. Růžička,2016,,,PC,,,
24566,Silphidae,Thanatophilus,sinuatus,"Nové Hrady env., Horní Stropnice-Svébohy",Bohemia,Czech Republic,,22,7,2016,,,,1,1,2,,,,,M. Snížek,J. Růžička (Praha),J. Růžička,2016,,,PC,,,
24565,Silphidae,Thanatophilus,sinuatus,"Nové Hrady env., Horní Stropnice-Svébohy",Bohemia,Czech Republic,,22,7,2016,,,,2,2,4,,,,,M. Snížek,M. Snížek (České Budějovice),J. Růžička,2016,,,PC,,,
7031,Silphidae,Thanatophilus,sinuatus,Zlín env.,Moravia,Czech Republic,,NA,NA,NA,,,,,1,1,,,,,coll. Balthasar,Muzeum východních Čech v Hradci Králové,J. Růžička,1992,,,Sil1,,,
7037,Silphidae,Thanatophilus,sinuatus,Králíky,Bohemia,Czech Republic,,NA,NA,NA,,,,1,,1,,,,,Pavlů,Muzeum východních Čech v Hradci Králové,J. Růžička,1992,,,Sil1,,,
7040,Silphidae,Thanatophilus,sinuatus,Kdyně,Bohemia,Czech Republic,,NA,NA,NA,,,,1,,1,,,,,J. Šlais,Muzeum východních Čech v Hradci Králové,J. Růžička,1992,,,Sil1,teneral,,
7050,Silphidae,Thanatophilus,sinuatus,Chuchel,Bohemia,Czech Republic,,NA,NA,NA,,,,,1,1,,,,,Zeman,Muzeum východních Čech v Hradci Králové,J. Růžička,1992,,,Sil1,,,
7057,Silphidae,Thanatophilus,sinuatus,Třebíč,Moravia,Czech Republic,6761,NA,NA,NA,,,,1,,1,,,,,A. Růžička,coll. J. Volák in Muzeum východních Čech v Hradci Králové,J. Růžička,1992,,,Sil1,,,
7061,Silphidae,Thanatophilus,sinuatus,Drahanská vrchovina Highland,Moravia,Czech Republic,,NA,NA,NA,,,,1,,1,,,,,J. Volák,coll. J. Volák in Muzeum východních Čech v Hradci Králové,J. Růžička,1992,,,Sil1,4,,
7066,Silphidae,Thanatophilus,sinuatus,Chrudim,Bohemia,Czech Republic,,NA,NA,NA,,,,1,,1,,,,,A. Růžička,coll. J. Volák in Muzeum východních Čech v Hradci Králové,J. Růžička,1992,,,Sil1,,,
7075,Silphidae,Thanatophilus,sinuatus,Slavkov u Brna,Moravia,Czech Republic,,NA,NA,NA,,,,,1,1,,,,,Volák,coll. J. Volák in Muzeum východních Čech v Hradci Králové,J. Růžička,1992,,,Sil1,,,
7087,Silphidae,Thanatophilus,sinuatus,Mimoň,Bohemia,Czech Republic,5354,NA,NA,NA,,,,,1,1,,,,,K. Mikvas,Vlastivědné muzeum v České Lípě,J. Růžička,1992,,,Sil1,teneral,,
7992,Silphidae,Thanatophilus,sinuatus,Soběchleb,Moravia,Czech Republic,,NA,NA,NA,,,,1,,1,,,,,-,coll. Nekolný in Moravské zemské muzeum Brno,J. Růžička,1993,,,Sil1,,,
7993,Silphidae,Thanatophilus,sinuatus,Hartmanitz [Hartmanice],Bohemia,Czech Republic,,NA,NA,NA,,,,1,,1,,,,,-,coll. Nekolný in Moravské zemské muzeum Brno,J. Růžička,1993,,,Sil1,,,
7994,Silphidae,Thanatophilus,sinuatus,"B[runn env.,] Lodenitz [?Loděnice u Moravského Krumlova]",Moravia,Czech Republic,,NA,NA,NA,,,,,1,1,,,,,-,coll. Nekolný in Moravské zemské muzeum Brno,J. Růžička,1993,,,Sil1,,,
8214,Silphidae,Thanatophilus,sinuatus,Kovářová,,Czech Republic,,NA,NA,NA,,,,1,,1,,,,,J. Fiala,coll. J. Fiala in Moravské zemské muzeum Brno,J. Růžička,1993,,,Sil1,,,
8215,Silphidae,Thanatophilus,sinuatus,Brno,Moravia,Czech Republic,,NA,NA,NA,,,,,1,1,,,,,J. Fiala,coll. J. Fiala in Moravské zemské muzeum Brno,J. Růžička,1993,,,Sil1,,,
8216,Silphidae,Thanatophilus,sinuatus,Rataje,,Czech Republic,,NA,NA,NA,,,,,1,1,,,,,J. Fiala,coll. J. Fiala in Moravské zemské muzeum Brno,J. Růžička,1993,,,Sil1,,,
9114,Silphidae,Thanatophilus,sinuatus,Žabovřesky,Moravia,Czech Republic,6765,NA,NA,NA,,,,,1,1,,,,,-,coll. E. Jagemann Moravské zemské muzeum Brno,J. Růžička,1996,,,Sil1,,,
11194,Silphidae,Thanatophilus,sinuatus,Praha 6-Šárka,Bohemia,Czech Republic,,NA,NA,NA,,,,1,,1,,,,,Táborský,O. Hovorka,J. Růžička,2002,,,Sil5,ex coll. Pecina,,
7033,Silphidae,Thanatophilus,sinuatus,"Hradec Králové env., Stéblová",Bohemia,Czech Republic,,NA,NA,NA,,,,2,,2,,,,,Balthasar,Muzeum východních Čech v Hradci Králové,J. Růžička,1992,,,Sil1,,,
7034,Silphidae,Thanatophilus,sinuatus,"Brno env., Hády Hill",Moravia,Czech Republic,,NA,NA,NA,,,,2,,2,,,,,Stejskal,Muzeum východních Čech v Hradci Králové,J. Růžička,1992,,,Sil1,,,
7734,Silphidae,Thanatophilus,sinuatus,Bílovice nad Svitavou,Moravia,Czech Republic,,NA,NA,NA,,,,1,1,2,,,,,J. Gron,"Slovenské národné múzeum, Bratislava",J. Růžička,1993,,,Sil1,,,
7032,Silphidae,Thanatophilus,sinuatus,Babice,Moravia,Czech Republic,,NA,NA,NA,,,,9,2,11,,,,,coll. Balthasar,Muzeum východních Čech v Hradci Králové,J. Růžička,1992,,,Sil1,,,
8209,Silphidae,Thanatophilus,sinuatus,Passanaury,,Georgia,,1,7,1957,31,7,1957,,1,1,,,,,A. Olexa,A. Olexa,J. Růžička,1993,,,Sil1,,,
13506,Silphidae,Thanatophilus,sinuatus,"Tbilisi env., Kumisi",,Georgia,,3,6,1987,24,6,1987,2,1,3,,,,,D. Wrase & M. Schülke,"Museum für Naturkunde, Berlin",J. Růžička,2005,,,Sil8,,,
8021,Silphidae,Thanatophilus,sinuatus,Bakuriani,,Georgia,,5,6,1987,,,,1,,1,,,,,Z. Kačenka,Z. Kačenka,J. Růžička,1994,,,Sil1,Rous det. 1978,,
8027,Silphidae,Thanatophilus,sinuatus,Chalkidiki Peninsula-Stavros,,Greece,,1,6,1993,11,6,1993,,1,1,,,,,P. Vonička,P. Vonička,J. Růžička,1995,,,Sil1,,,
14549,,Thanatophilus,sinuatus,"Kavala prov., 8 km E Kavala, Chalkero env.",,Greece,,25,4,2007,,,,1,,1,pasture,ca. 70,,,J. Hájek,"Národní Muzeum, Praha",J. Růžička,2008,,,PC,"40o58.3N, 24o28.2E",,
18716,Silphidae,Thanatophilus,sinuatus,Hortobági puszta,,Greece,,14,4,2007,,,,2,1,3,,,,,K. Orszulik,K. Orszulik (Frýdek-Místek),J. Růžička,2009,,,PC,,,
18713,Silphidae,Thanatophilus,sinuatus,"Igumenitsa env., Karteri",,Greece,,12,6,2008,,,,,1,1,,,,,K. Orszulik,K. Orszulik (Frýdek-Místek),J. Růžička,2009,,,PC,,,
13509,Silphidae,Thanatophilus,sinuatus,Budapest-Wachsmann,,Hungary,,1,1,1911,31,12,1911,1,,1,,,,,R. Meusel,"Museum für Naturkunde, Berlin",J. Růžička,2005,,,Sil8,,,
7974,Silphidae,Thanatophilus,sinuatus,Debrecen,,Hungary,,1,4,1966,30,4,1966,1,1,2,,,,,-,coll. I. Grulich in Moravské zemské muzeum Brno,J. Růžička,1993,,,Sil1,,,
16557,Silphidae,Thanatophilus,sinuatus,Balatonföldvár,,Hungary,,26,6,1970,7,7,1970,,1,1,,,,,V. Kalík,J. Růžička,J. Růžička,1986,,,Sil9,,,
8199,Silphidae,Thanatophilus,sinuatus,Dabas,,Hungary,,2,5,1975,,,,1,,1,,,,,Bouma,Vlastivědné muzeum v České Lípě,J. Růžička,1992,,,Sil1,,,
23739,Silphidae,Thanatophilus,sinuatus,Dasht-e Naz Airport,,Iran,,12,5,1972,,,,1,,1,,,,,H. Bytinski-Salz,"Zoological Museum, Tel Aviv University",J. Růžička,2016,,,PC,,,
11160,Silphidae,Thanatophilus,sinuatus,Trieste-Boschetto,Trieste,Italy,,1,6,1913,30,6,1913,11,4,15,,,,,E. Prettner,"Prirodoslovni muzej Slovenije, Ljubljana",J. Růžička,1996,,,Sil5,11/4,,
11161,Silphidae,Thanatophilus,sinuatus,Crepeliano,Bologna,Italy,,1,7,1924,31,7,1924,3,1,4,,,,,-,"Prirodoslovni muzej Slovenije, Ljubljana",J. Růžička,1996,,,Sil5,,,
9109,Silphidae,Thanatophilus,sinuatus,Tivoli,,Italy,,2,6,1988,,,,,1,1,,,,,R. Nerger,R. Nerger,J. Růžička,1995,,,Sil1,,,
14836,,Thanatophilus,sinuatus,"Marche region, 10 km SE Pessaro, Fano town",,Italy,,5,6,2005,,,,1,,1,,,,,F. Houška,F. Houška,J. Růžička,2008,,,PC,,,
9116,Silphidae,Thanatophilus,sinuatus,"Kobe-Suma env., Ichinotani",,Japan,,5,6,1932,,,,1,,1,,,,,-,coll. E. Jagemann Moravské zemské muzeum Brno,J. Růžička,1996,,,Sil1,T. auropilosus,,
9117,Silphidae,Thanatophilus,sinuatus,"Kobe-Suma env., Ichinotani",,Japan,,12,6,1932,,,,,1,1,,,,,-,coll. E. Jagemann Moravské zemské muzeum Brno,J. Růžička,1996,,,Sil1,T. auropilosus,,
13514,Silphidae,Thanatophilus,sinuatus,SE-Tekes Valley-Narynkol,,Kazakhstan,,8,6,1992,12,6,1992,1,,1,,,,,S. Kasantsev,Naturhistorisches Museum Basel,J. Růžička,2005,,,Sil8,,,
12295,Silphidae,Thanatophilus,sinuatus,Alma Ata [Almaty],,Kazakhstan,,8,5,1992,,,,1,,1,,,,,-,J. Schneider,J. Růžička,2004,,,Sil7,teneral,,
9087,Silphidae,Thanatophilus,sinuatus,Karačaganak,,Kazakhstan,,4,7,1994,,,,,1,1,,,,,-,M. Mantič,J. Růžička,1995,,,Sil1,,,
11185,Silphidae,Thanatophilus,sinuatus,Kirghizsky Mts. Ridge-Tshon - Azyk,,Kyrgyzstan,,1,6,1999,30,6,1999,,1,1,,900,,,V. Gurko,M. Snížek,J. Růžička,2001,,,Sil5,,,
7723,Silphidae,Thanatophilus,sinuatus,Macedonie,,Macedonia,,1,6,1929,30,6,1929,2,1,3,,,,,S. Berg,"Slovenské národné múzeum, Bratislava",J. Růžička,1993,,,Sil1,,,
11223,Silphidae,Thanatophilus,sinuatus,Ulaanbaatar,,Mongolia,,20,6,1965,24,7,1965,1,,1,,,,,J. Rubner,Moravské zemské muzeum Brno,J. Růžička,2002,,,Sil5,,,
12299,Silphidae,Thanatophilus,sinuatus,20 km E of Terelz-60 km NE of Ulaanbaatar-[Terelzh] Gorkhi Terelj National Park-Tuul River Valley,,Mongolia,,14,7,2003,20,7,2003,2,1,3,,1200,1400,,Z. Jindra,Z. Jindra,J. Schneider,2004,,,Sil7,,,
11224,Silphidae,Thanatophilus,sinuatus,"Ulaanbaatar env., Zajsan",,Mongolia,,23,7,1965,,,,1,,1,,,,,J. Rubner,Moravské zemské muzeum Brno,J. Růžička,2002,,,Sil5,12,,
11163,Silphidae,Thanatophilus,sinuatus,Komarnica,,Montenegro,,23,8,1955,,,,1,1,2,,,,,E. Prettner,"Prirodoslovni muzej Slovenije, Ljubljana",J. Růžička,1996,,,Sil5,,,
11182,Silphidae,Thanatophilus,sinuatus,Midelt env.,,Morocco,,5,6,1999,10,6,1999,,1,1,,,,,I. Smatana,I. Smatana,J. Růžička,2001,,,Sil5,,32°42´N, 4°44´W
8213,Silphidae,Thanatophilus,sinuatus,Fes env.,,Morocco,,1,5,1991,,,,1,1,2,,0,,,A. Olexa,A. Olexa,J. Růžička,1993,,,Sil1,,,
9086,Silphidae,Thanatophilus,sinuatus,"Martil env., Tetovan",,Morocco,,1,6,1994,,,,1,,1,,,,,M. Mantič,M. Mantič,J. Růžička,1995,,,Sil1,,,
11178,Silphidae,Thanatophilus,sinuatus,Central Atlas Mts.-Azrou,,Morocco,,1,6,1999,,,,1,,1,,1400,,,J. Mašek,J. Růžička,J. Růžička,1999,,,Sil5,,,
18714,Silphidae,Thanatophilus,sinuatus,"Taza env., Bab-Taka",,Morocco,,10,5,2008,,,,,1,1,,,,,K. Orszulik,K. Orszulik (Frýdek-Místek),J. Růžička,2009,,,PC,,,
18715,Silphidae,Thanatophilus,sinuatus,"Tetouan env., Nakla",,Morocco,,29,4,2008,,,,,1,1,,,,,K. Orszulik,K. Orszulik (Frýdek-Místek),J. Růžička,2009,,,PC,,,
13510,Silphidae,Thanatophilus,sinuatus,"Rotterdam env., Costudorne",,Netherland,,10,5,1987,,,,,2,2,,,,,F. Hieke,"Museum für Naturkunde, Berlin",J. Růžička,2005,,,Sil8,,,
13493,Silphidae,Thanatophilus,sinuatus,"Drohiczyn env., Bug Riverbank",,Poland,,22,5,2004,,,,1,,1,riverbank,,,,L. Koloničný,L. Koloničný,J. Růžička,2005,,,Sil8,,,
13494,Silphidae,Thanatophilus,sinuatus,"Kózki env., Bug Riverbank",,Poland,,21,5,2004,,,,1,,1,riverbank,,,,J. Stanovský,J. Stanovský,J. Růžička,2005,,,Sil8,,52°21´N,22°23´E
13495,Silphidae,Thanatophilus,sinuatus,"Sarnaki env., Bug River ",,Poland,,21,5,2004,,,,1,,1,,,,,K. Orszulik,"K. Orszulik, Frýdek-Místek",J. Růžička,2005,,,Sil8,,,
13496,Silphidae,Thanatophilus,sinuatus,"Tarnow env., Wojnicz-Dunajec River",,Poland,,22,5,2004,,,,1,,1,,,,,K. Orszulik,"K. Orszulik, Frýdek-Místek",J. Růžička,2005,,,Sil8,,,
19351,Silphidae,Thanatophilus,sinuatus,"Puszta Bialowieska, Grudki",,Poland,,1,5,2009,,,,,1,1,,,,,K. Orszulik,J. Růžička,J. Růžička,2010,,,PC,,,
19350,Silphidae,Thanatophilus,sinuatus,"Puszta Bialowieska, Grudki",,Poland,,1,5,2009,,,,,4,4,,,,,K. Orszulik,K. Orszulik (Frýdek-Místek),J. Růžička,2010,,,PC,,,
13498,Silphidae,Thanatophilus,sinuatus,Faro Region-Goesribeira do Vasco,,Portugal,,7,3,2004,,,,,1,1,,,,,M. Mantič, J. Růžička,J. Růžička,2005,,,Sil8,,,
13497,Silphidae,Thanatophilus,sinuatus,Faro Region-Goesribeira do Vasco,,Portugal,,7,3,2004,,,,1,1,2,,,,,M. Mantič,M. Mantič,J. Růžička,2005,,,Sil8,,,
11240,Silphidae,Thanatophilus,sinuatus,Babadag,,Romania,,1,5,1987,31,5,1987,1,,1,,,,,Z. Louda,A. Hamet,M. Trýzna ,-,J. Růžička,2003,Sil5,,,
7699,Silphidae,Thanatophilus,sinuatus,Nadlac,,Romania,,7,4,1925,,,,,1,1,,,,,Roubal,"coll. J. Roubal in Slovenské národné múzeum, Bratislava",J. Růžička,1992,,,Sil1,,,
7713,Silphidae,Thanatophilus,sinuatus,Caucasus Mts.-Kislovodsk,Stavropol Region,Russia,,1,5,1912,31,5,1912,1,1,2,,,,,Roubal,"coll. J. Roubal in Slovenské národné múzeum, Bratislava",J. Růžička,1992,,,Sil1,,,
12277,Silphidae,Thanatophilus,sinuatus,"S Ural Mts.-Kargala env., 22km N of Orenburg",,Russia, ,1,1,1915,31,12,1915,1,,1,,,,,H. Grote,"Museum für Naturkunde, Berlin",J. Růžička,2003,,,Sil7,,,
12276,Silphidae,Thanatophilus,sinuatus,"S Ural Mts.-Kargala env., 22km N of Orenburg",,Russia,,1,1,1914,31,12,1917,1,2,3,,,,,H. Grote,J. Růžička,J. Růžička,2003,,,Sil7,,,
12275,Silphidae,Thanatophilus,sinuatus,"S Ural Mts.-Kargala env., 22km N of Orenburg",,Russia,,1,1,1914,31,12,1917,3,5,8,,,,,H. Grote,"Museum für Naturkunde, Berlin",J. Růžička,2003,,,Sil7,,,
12278,Silphidae,Thanatophilus,sinuatus,"S Ural Mts.-Kargala env., 22km N of Orenburg-Sakmara River Steppes",,Russia,,1,1,1916,31,12,1917,1,1,2,steppe,,,,H. Grote,"Museum für Naturkunde, Berlin",J. Růžička,2003,,,Sil7,,,
19568,Silphidae,Thanatophilus,sinuatus,Vysokiy Gorodok bl. Blagov. z. Uf.,,Russia,,3,6,1926,4,6,1926,,1,1,,,,,Vakulenko,Zool. Inst. St. Petersburg,J. Růžička,2009,,,PC,,,
10209,Silphidae,Thanatophilus,sinuatus,Bratsk,,Russia,,24,6,1989,28,6,1989,,1,1,,,,,J. Stanovský,J. Stanovský,J. Růžička,1991,,,Sil3,,,
10210,Silphidae,Thanatophilus,sinuatus,Bratsk,,Russia,,24,6,1989,28,6,1989,1,,1,,,,,J. Stanovský,J. Růžička,J. Růžička,1991,,,Sil3,,,
12310,Silphidae,Thanatophilus,sinuatus,Novokuzněck,,Russia,,1,8,1989,31,8,1989,1,1,2,,,,,M. Divišová,M. Trýzna,J. Růžička,2005,,,Sil7,,,
9119,Silphidae,Thanatophilus,sinuatus,Arsenev env.,Primorsky Krai,Russia,,27,5,1991,5,7,1991,1,,1,,,,,O. Šauša,J. Vávra,J. Růžička,1996,,,Sil1,,,
13512,Silphidae,Thanatophilus,sinuatus,Siberia E-Ussuriysk District-Kaymanovka,,Russia,,25,7,1992,28,7,1992,3,3,6,,,,,S. & K. Belobozodov,Naturhistorisches Museum Basel,J. Růžička,2005,,,Sil8,,,
11231,Silphidae,Thanatophilus,sinuatus,Sibiria-Barguzinskiy Khrebet Mts.-Bolschaya Tscheremchana Valley (Čeremšana),Republic of Buryatia,Russia, ,1,7,1992,31,7,1992,4,10,14,,460,,,M. Trýzna,M. Trýzna,J. Schneider,2002,,,Sil5,,,
13503,Silphidae,Thanatophilus,sinuatus,Sibiria-Barguzinskyi Khrebet Mts.-Bolšaja Čeremšana Hill,Republic of Buryatia,Russia,,1,7,1992,31,7,1992,3,11,14,,460,,,M. Trýzna,M. Trýzna,J. Růžička,2005,,,Sil8,,,
13526,Silphidae,Thanatophilus,sinuatus,S Ural Mts.-Sol Iletzkiy District-Ural River-Mukhranovo Village env.,Orenburg Oblast,Russia,,28,7,2003,8,8,2003,1,1,2,,,,,S. Vashchenko,J. Cooter,J. Růžička,2006,,,Sil8,,,
19569,Silphidae,Thanatophilus,sinuatus,"Turk. obl., oz.[ero] Chalkar",,Russia,,,7,1905,,,,,1,1,,,,,Piotrovskiy,Zool. Inst. St. Petersburg,J. Růžička,2009,,,PC,,,
22290,Silphidae,Thanatophilus,sinuatus,Abakansteppen,Siberia,Russia,,,,1914,,,,1,1,2,,,,,F. Jensen,J. Růžička (Praha),J. Růžička,2014,,,PC,,,
22291,Silphidae,Thanatophilus,sinuatus,Usti Abakansk,Siberia,Russia,,,,1914,,,,1,7,8,,,,,F. Jensen,Naturhistorisk Museum Oslo,J. Růžička,2014,,,PC,,,
22289,Silphidae,Thanatophilus,sinuatus,Abakansteppen,Siberia,Russia,,,,1914,,,,2,9,11,,,,,F. Jensen,Naturhistorisk Museum Oslo,J. Růžička,2014,,,PC,,,
13513,Silphidae,Thanatophilus,sinuatus,Siberia E-Khabarovsk District-Mangochtka env.,,Russia,,23,8,1989,,,,,1,1,,,,,Ochrimenko,Naturhistorisches Museum Basel,J. Růžička,2005,,,Sil8,,,
13505,Silphidae,Thanatophilus,sinuatus,Far East-Primorskiy Region-Pograničnyj env.,,Russia,,14,7,1993,,,,,2,2,,,,,M. Trýzna,M. Trýzna,J. Růžička,2005,,,Sil8,,,
11230,Silphidae,Thanatophilus,sinuatus,Lazo env.,Primorsky Krai,Russia, ,17,7,1993,,,,1,7,8,dark taiga,,,,M. Trýzna,M. Trýzna,J. Schneider,2002,,,Sil5,,,
13504,Silphidae,Thanatophilus,sinuatus,Far East-Primorskiy Region-Lazo env.,,Russia,,17,7,1993,,,,1,8,9,dark taiga,,,,M. Trýzna,M. Trýzna,J. Růžička,2005,,,Sil8,,,
11165,Silphidae,Thanatophilus,sinuatus,Syrmium [Syrmia]-Ruma,,Serbia,,1,8,1932,31,8,1932,,1,1,,,,,E. Prettner,"Prirodoslovni muzej Slovenije, Ljubljana",J. Růžička,1996,,,Sil5,,,
7069,Silphidae,Thanatophilus,sinuatus,Zlaté Moravce,,Slovakia,7676,1,8,1921,31,8,1921,1,,1,,,,,A. Růžička,coll. J. Volák in Muzeum východních Čech v Hradci Králové,J. Růžička,1992,,,Sil1,,,
7701,Silphidae,Thanatophilus,sinuatus,Hronská Breznica,,Slovakia,,1,5,1923,31,5,1923,1 spec.,,1,,,,,Roubal,"coll. J. Roubal in Slovenské národné múzeum, Bratislava",J. Růžička,1992,,,Sil1,,,
7702,Silphidae,Thanatophilus,sinuatus,Banská Bystrica,,Slovakia,,1,5,1934,31,5,1934,2 spec.,,2,,,,,Roubal,"coll. J. Roubal in Slovenské národné múzeum, Bratislava",J. Růžička,1992,,,Sil1,,,
7710,Silphidae,Thanatophilus,sinuatus,Motešice,,Slovakia,,1,1,1936,31,12,1936,1 spec.,,1,,,,,Roubal,"coll. J. Roubal in Slovenské národné múzeum, Bratislava",J. Růžička,1992,,,Sil1,,,
7738,Silphidae,Thanatophilus,sinuatus,Devínska Nová Ves,,Slovakia,,1,1,1941,31,12,1941,,1,1,,,,,Depta,"Slovenské národné múzeum, Bratislava",J. Růžička,1993,,,Sil1,,,
7035,Silphidae,Thanatophilus,sinuatus,Parkan [Štúrovo],,Slovakia,,1,7,1949,31,7,1949,1,1,2,,,,,Balthasar,Muzeum východních Čech v Hradci Králové,J. Růžička,1992,,,Sil1,,,
8201,Silphidae,Thanatophilus,sinuatus,Mikula,,Slovakia,,1,1,1950,31,12,1950,,1,1,,,,,Matina,"Slovenské národné múzeum, Bratislava",J. Růžička,1993,,,Sil1,,,
7996,Silphidae,Thanatophilus,sinuatus,Grav. Magura [?Oravská Magura],,Slovakia,,1,6,1954,30,6,1954,1 spec.,,1,,,,,Voříšek,J. Háva,J. Háva,1992,,,Sil1,,,
8009,Silphidae,Thanatophilus,sinuatus,Kováčovské kopce [Burda] Hills,,Slovakia,,1,5,1970,31,5,1970,1 spec.,,1,,,,,Z. Černý,Z. Černý,J. Háva,1992,,,Sil1,,,
8008,Silphidae,Thanatophilus,sinuatus,Belianske kopce Hills-Štúrovo,,Slovakia,,1,5,1971,31,5,1971,1 spec.,,1,,,,,Z. Černý,Z. Černý,J. Háva,1992,,,Sil1,,,
7977,Silphidae,Thanatophilus,sinuatus,Veľký Ruskov,,Slovakia,,1,4,1972,30,4,1972,,1,1,cadaver Cricetus cricetus,,,,Grulich,coll. I. Grulich in Moravské zemské muzeum Brno,J. Růžička,1993,,,Sil1,,,
7978,Silphidae,Thanatophilus,sinuatus,Kysta,,Slovakia,,1,4,1972,30,4,1972,1,1,2,cadaver Cricetus cricetus,,,,Grulich,coll. I. Grulich in Moravské zemské muzeum Brno,J. Růžička,1993,,,Sil1,,,
7979,Silphidae,Thanatophilus,sinuatus,Trhovište,,Slovakia,,1,4,1972,30,4,1972,2,5,7,,,,,Grulich,coll. I. Grulich in Moravské zemské muzeum Brno,J. Růžička,1993,,,Sil1,,,
7999,Silphidae,Thanatophilus,sinuatus,Zádiel,,Slovakia,,1,6,1975,30,6,1975,1 spec.,,1,,,,,J. Jurčíček,J. Jurčíček,J. Háva,1992,,,Sil1,,,
8001,Silphidae,Thanatophilus,sinuatus,Podbanské,,Slovakia,,1,8,1980,31,8,1980,1 spec.,,1,,,,,J. Jurčíček,J. Jurčíček,J. Háva,1992,,,Sil1,,,
12308,Silphidae,Thanatophilus,sinuatus,Nová Baňa,,Slovakia,,26,7,1986,3,8,1986,,1,1,,,,,V. Týr,M. Trýzna,J. Růžička,2005,,,Sil7,,,
8002,Silphidae,Thanatophilus,sinuatus,Kamenica nad Hronom,,Slovakia,,1,5,1987,31,5,1987,1 spec.,,1,,,,,J. Jurčíček,J. Jurčíček,J. Háva,1992,,,Sil1,,,
8003,Silphidae,Thanatophilus,sinuatus,Nízke Tatry Mts.,,Slovakia,,1,7,1987,31,7,1987,1 spec.,,1,,,,,J. Jurčíček,J. Jurčíček,J. Háva,1992,,,Sil1,,,
8010,Silphidae,Thanatophilus,sinuatus,Banská Bystrica env.,,Slovakia,,1,1,1987,31,12,1987,1 spec.,,1,,,,,Z. Černý,Z. Černý,J. Háva,1992,,,Sil1,,,
8007,Silphidae,Thanatophilus,sinuatus,Červená Skala,,Slovakia,,1,6,1988,30,6,1988,5 spec.,,5,,,,,Z. Černý,Z. Černý,J. Háva,1992,,,Sil1,,,
7708,Silphidae,Thanatophilus,sinuatus,"Svätý Jur env., Šúr National Nature Reserve",,Slovakia,,9,5,1932,,,,1 spec.,,1,,,,,Roubal,"coll. J. Roubal in Slovenské národné múzeum, Bratislava",J. Růžička,1992,,,Sil1,,,
7715,Silphidae,Thanatophilus,sinuatus,Harmanec,,Slovakia,,22,5,1933,,,,1 spec.,,1,,,,,Roubal,"coll. J. Roubal in Slovenské národné múzeum, Bratislava",J. Růžička,1992,,,Sil1,,,
7700,Silphidae,Thanatophilus,sinuatus,Nízke Tatry Mts.-Jasenie,,Slovakia,,12,5,1934,,,,1 spec.,,1,,,,,Roubal,"coll. J. Roubal in Slovenské národné múzeum, Bratislava",J. Růžička,1992,,,Sil1,,,
7714,Silphidae,Thanatophilus,sinuatus,Kralovany,,Slovakia,,10,5,1934,,,,1 spec.,,1,,,,,Roubal,"coll. J. Roubal in Slovenské národné múzeum, Bratislava",J. Růžička,1992,,,Sil1,,,
7698,Silphidae,Thanatophilus,sinuatus,Hronská Breznica,,Slovakia,,19,4,1935,,,,1 spec.,,1,,,,,Roubal,"coll. J. Roubal in Slovenské národné múzeum, Bratislava",J. Růžička,1992,,,Sil1,,,
7704,Silphidae,Thanatophilus,sinuatus,Zádiel,,Slovakia,,23,4,1935,,,,2 spec.,,2,,,,,Roubal,"coll. J. Roubal in Slovenské národné múzeum, Bratislava",J. Růžička,1992,,,Sil1,,,
7707,Silphidae,Thanatophilus,sinuatus,Lok,,Slovakia,,15,4,1935,,,,1 spec.,,1,,,,,Roubal,"coll. J. Roubal in Slovenské národné múzeum, Bratislava",J. Růžička,1992,,,Sil1,,,
7983,Silphidae,Thanatophilus,sinuatus,Veľká Javorina Mt.,,Slovakia,,15,7,1951,,,,1,,1,,,,,P. Lauterer,coll. P. Lauterer in Moravské zemské muzeum Brno,J. Růžička,1993,,,Sil1,,,
11205,Silphidae,Thanatophilus,sinuatus,Veľká Javorina Mt.,,Slovakia,,15,7,1951,,,,1,,1,,,,,P. Lauterer,coll. P. Lauterer in Moravské zemské muzeum Brno,J. Růžička,2002,,,Sil5,,,
7728,Silphidae,Thanatophilus,sinuatus,Kráľovský Chlmec,,Slovakia,,26,4,1955,,,,3,,3,,,,,I. Löbl,"Slovenské národné múzeum, Bratislava",J. Růžička,1993,,,Sil1,,,
7737,Silphidae,Thanatophilus,sinuatus,Senné,,Slovakia,,10,5,1956,,,,,1,1,,,,,Volf,"Slovenské národné múzeum, Bratislava",J. Růžička,1993,,,Sil1,,,
7733,Silphidae,Thanatophilus,sinuatus,Vihorlat,,Slovakia,,7,7,1958,,,,,1,1,,,,,I. Löbl,"Slovenské národné múzeum, Bratislava",J. Růžička,1993,,,Sil1,,,
7729,Silphidae,Thanatophilus,sinuatus,Kováčov,,Slovakia,,15,5,1958,,,,1,1,2,,,,,I. Löbl,"Slovenské národné múzeum, Bratislava",J. Růžička,1993,,,Sil1,,,
7735,Silphidae,Thanatophilus,sinuatus,Šintava,,Slovakia,,8,5,1959,,,,1,1,2,,,,,I. Löbl,"Slovenské národné múzeum, Bratislava",J. Růžička,1993,,,Sil1,,,
7730,Silphidae,Thanatophilus,sinuatus,Šintava,,Slovakia,,16,4,1959,,,,1,3,4,,,,,I. Löbl,"Slovenské národné múzeum, Bratislava",J. Růžička,1993,,,Sil1,,,
7732,Silphidae,Thanatophilus,sinuatus,Šintava,,Slovakia,,5,7,1959,,,,3,2,5,,,,,I. Löbl,"Slovenské národné múzeum, Bratislava",J. Růžička,1993,,,Sil1,,,
7731,Silphidae,Thanatophilus,sinuatus,Trstín,,Slovakia,,19,5,1959,,,,4,3,7,,,,,I. Löbl,"Slovenské národné múzeum, Bratislava",J. Růžička,1993,,,Sil1,,,
8202,Silphidae,Thanatophilus,sinuatus,Bratislava,,Slovakia,,17,6,1961,,,,,1,1,,,,,Kleinert,"Slovenské národné múzeum, Bratislava",J. Růžička,1993,,,Sil1,,,
7748,Silphidae,Thanatophilus,sinuatus,Svätý Jur,,Slovakia,,24,8,1962,,,,,1,1,,,,,Kleinert,"Slovenské národné múzeum, Bratislava",J. Růžička,1993,,,Sil1,,,
7076,Silphidae,Thanatophilus,sinuatus,Slanec,,Slovakia,,16,5,1963,,,,1,,1,,,,,M. Honců,Vlastivědné muzeum v České Lípě,J. Růžička,1992,,,Sil1,,,
7742,Silphidae,Thanatophilus,sinuatus,Gabčíkovo,,Slovakia,,11,7,1964,,,,,1,1,,,,,-,"Slovenské národné múzeum, Bratislava",J. Růžička,1993,,,Sil1,,,
9120,Silphidae,Thanatophilus,sinuatus,Mošovice,,Slovakia,,6,8,1969,,,,1,,1,,,,,L. Daněk,L. Daněk,J. Růžička,1996,,,Sil1,teneral,,
24153,Silphidae,Thanatophilus,sinuatus,"Kováčovské kopce Hills, Chľaba",,Slovakia,8178,11,5,1974,,,,,1,1,,,,,L. Mencl,L. Mencl (Týnec nad Labem),J. Růžička,2016,,,PC,,,
24154,Silphidae,Thanatophilus,sinuatus,Somotor,,Slovakia,7696,17,8,1974,,,,1,,1,,,,,L. Mencl,L. Mencl (Týnec nad Labem),J. Růžička,2016,,,PC,,,
22844,Silphidae,Thanatophilus,sinuatus,Štúrovo,,Slovakia,,25,7,1977,,,,,1,1,,,,,R. Fornůsek,D. Sommer (Sušice),J. Růžička,2015,,,PC,,,
22843,Silphidae,Thanatophilus,sinuatus,Štúrovo,,Slovakia,,20,6,1977,,,,2,1,3,,,,,R. Fornůsek,D. Sommer (Sušice),J. Růžička,2015,,,PC,,,
8204,Silphidae,Thanatophilus,sinuatus,Slovenský kras Karst-Turňa nad Bodvou,,Slovakia,,11,5,1979,,,,1,,1,,,,,M. Kuboň,M. Kuboň,J. Růžička,1993,,,Sil1,,,
8017,Silphidae,Thanatophilus,sinuatus,Štúrovo,,Slovakia,,15,6,1980,,,,1,,1,,,,,V. Karas,Karas,J. Růžička,1993,,,Sil1,,,
7042,Silphidae,Thanatophilus,sinuatus,Podunajská nížina Valley-Štúrovo,,Slovakia,,15,4,1984,,,,1,,1,,,,,Mikát,Muzeum východních Čech v Hradci Králové,J. Růžička,1992,,,Sil1,,,
8018,Silphidae,Thanatophilus,sinuatus,Štúrovo,,Slovakia,,11,6,1984,,,,1,,1,,,,,V. Karas,Karas,J. Růžička,1993,,,Sil1,,,
16558,Silphidae,Thanatophilus,sinuatus,Žitný ostrov-Halica [? Halice/Malice/Halica/Malica] na Ostrove,,Slovakia,,8,5,1985,,,,1,,1,cadaver Canis lupus f. familiaris,,,,O. Kapler,O. Kapler,J. Růžička,1986,,,Sil9,,,
9886,Silphidae,Thanatophilus,sinuatus,Kamenín,,Slovakia,,8,6,1988,,,,1,,1,,,,,I. Jeniš,I. Jeniš,J. Růžička,1988,,,Sil3,,,
12305,Silphidae,Thanatophilus,sinuatus,"Královský Chlmec, na vých. okraji Města pod Kamenem",,Slovakia,,5,7,1989,,,,,1,1,old sand quarry, ,,,P. Štourač,P. Štourač,J. Růžička,2005,,,Sil7,,,
13487,Silphidae,Thanatophilus,sinuatus,Kamenín,,Slovakia,8177,14,5,1989,,,,1,,1,,,,,K. Resl,K. Resl,J. Růžička,2005,,,Sil8,,,
9085,Silphidae,Thanatophilus,sinuatus,Lúka nad Váhom,,Slovakia,,28,10,1994,,,,1,,1,,,,,M. Mantič,M. Mantič,J. Růžička,1995,,,Sil1,,,
9104,Silphidae,Thanatophilus,sinuatus,Kamenica nad Hronom,,Slovakia,,30,4,1994,,,,,1,1,,,,,A. Holub,A. Holub,J. Růžička,1995,,,Sil1,,,
9112,Silphidae,Thanatophilus,sinuatus,Somotor,,Slovakia,,23,4,1994,,,,,1,1,,,,,T. Lackner,T. Lackner,J. Růžička,1995,,,Sil1,,,
9118,Silphidae,Thanatophilus,sinuatus,Horné Strháre,,Slovakia,,5,5,1995,,,,1,,1,,,,,Z. Kraus,Z. Kraus,J. Růžička,1996,,,Sil1,,,
11156,Silphidae,Thanatophilus,sinuatus,Zlatná na Ostrove,,Slovakia,8273,22,5,1995,,,,,1,1,saline soil,,,,M. Mantič,M. Mantič,J. Růžička,1996,,,Sil5,"2 km E, saline soil",,
11157,Silphidae,Thanatophilus,sinuatus,"Marcelová env., Bašov kopec Hill",,Slovakia,8275,22,5,1995,,,,1,1,2,sandbanks,,,,M. Mantič,M. Mantič,J. Růžička,1996,,,Sil5,,,
11158,Silphidae,Thanatophilus,sinuatus,Banská Bystrica,,Slovakia,7381,5,6,1996,,,,1,,1,,,,,A. Holub,A. Holub,J. Růžička,1996,,,Sil5,,,
11190,Silphidae,Thanatophilus,sinuatus,Kamenica nad Hronom,,Slovakia,,15,5,1998,,,,,1,1,,,,,A. Holub,A. Holub,J. Růžička,2002,,,Sil5,,,
11191,Silphidae,Thanatophilus,sinuatus,Plášťovce,,Slovakia,7879,10,5,1999,,,,,2,2,,,,,A. Holub,A. Holub,J. Růžička,2002,,,Sil5,,,
11189,Silphidae,Thanatophilus,sinuatus,"Malý Kamenec env., Tarbucka",,Slovakia,7696,29,6,2000,,,,,2,2,,,,,A. Holub,A. Holub,J. Růžička,2002,,,Sil5,,,
24240,Silphidae,Thanatophilus,sinuatus,"Muráň env., Javorníková dolina Valley",,Slovakia,7286,24,4,2010,,,,1,,1,bottom part,,,,S. Benedikt,V. Benedikt (Plzeň),J. Růžička,2016,,,PC,,,
7709,Silphidae,Thanatophilus,sinuatus,Komárno,,Slovakia,,NA,NA,NA,,,,4 spec.,,4,cadaver Vulpes vulpes,,,,Roubal,"coll. J. Roubal in Slovenské národné múzeum, Bratislava",J. Růžička,1992,,,Sil1,,,
7722,Silphidae,Thanatophilus,sinuatus,Bratislava-Koliba,,Slovakia,,NA,NA,NA,,,,1,,1,,,,,Roland,"Slovenské národné múzeum, Bratislava",J. Růžička,1993,,,Sil1,,,
7725,Silphidae,Thanatophilus,sinuatus,Bratislava-Petržalka,,Slovakia,,NA,NA,NA,,,,,1,1,,,,,Roland,"Slovenské národné múzeum, Bratislava",J. Růžička,1993,,,Sil1,,,
7740,Silphidae,Thanatophilus,sinuatus,Terchov,,Slovakia,,NA,NA,NA,,,,,1,1,,,,,J. Laco,"Slovenské národné múzeum, Bratislava",J. Růžička,1993,,,Sil1,,,
7747,Silphidae,Thanatophilus,sinuatus,Trencsén [Trenčín]-Boleso [Bolešov],,Slovakia,,NA,NA,NA,,,,,1,1,,,,,J. Laczo,"Slovenské národné múzeum, Bratislava",J. Růžička,1993,,,Sil1,,,
7745,Silphidae,Thanatophilus,sinuatus,Bolesó-Pého [Bolešov],,Slovakia,,NA,NA,NA,,,,2,,2,,,,,J. Laco,"Slovenské národné múzeum, Bratislava",J. Růžička,1993,,,Sil1,,,
7746,Silphidae,Thanatophilus,sinuatus,Bratislava,,Slovakia,,NA,NA,NA,,,,1,1,2,,,,,Laco,"Slovenské národné múzeum, Bratislava",J. Růžička,1993,,,Sil1,,,
7751,Silphidae,Thanatophilus,sinuatus,Mikula,,Slovakia,,NA,NA,NA,,,,2,2,4,,,,,Matina,"Slovenské národné múzeum, Bratislava",J. Růžička,1993,,,Sil1,,,
7727,Silphidae,Thanatophilus,sinuatus,Turčiansky Svätý Martin [Martin],,Slovakia,,NA,NA,NA,,,,1,4,5,,,,,-,"Slovenské národné múzeum, Bratislava",J. Růžička,1993,,,Sil1,,,
7743,Silphidae,Thanatophilus,sinuatus,Trenčianske Teplice,,Slovakia,,NA,NA,NA,,,,1,4,5,,,,,Kočí,"Slovenské národné múzeum, Bratislava",J. Růžička,1993,,,Sil1,,,
7724,Silphidae,Thanatophilus,sinuatus,Čeklís,,Slovakia,,NA,NA,NA,,,,5,1,6,,,,,Šlégl,"Slovenské národné múzeum, Bratislava",J. Růžička,1993,,,Sil1,,,
7711,Silphidae,Thanatophilus,sinuatus,Galanta,,Slovakia,,22,4,NA,,,,1 spec.,,1,cadaver Canis lupus f. familiaris,,,,Roubal,"coll. J. Roubal in Slovenské národné múzeum, Bratislava",J. Růžička,1992,,,Sil1,,,
11164,Silphidae,Thanatophilus,sinuatus,Postojna,,Slovenia,,1,8,1947,31,8,1947,,1,1,,,,,E. Prettner,"Prirodoslovni muzej Slovenije, Ljubljana",J. Růžička,1996,,,Sil5,,,
11183,Silphidae,Thanatophilus,sinuatus,Dobrovlje Mts.-Sv. Urban,,Slovenia,,18,5,1996,19,5,1996,2,,2,,,,,J. Vávra,J. Vávra,J. Růžička,2001,,,Sil5,,,
11220,Silphidae,Thanatophilus,sinuatus,Pasica,Carniola [Kranjska],Slovenia,,17,6,1911,,,,,1,1,,,,,V. Gspan,Moravské zemské muzeum Brno,J. Růžička,2002,,,Sil5,,,
11177,Silphidae,Thanatophilus,sinuatus,Pendžikent Foré-step Steppe,,Tajikistan,,28,4,1979,,,,1,,1,,,,,J. Halda,V. Týr,J. Růžička,1999,,,Sil5,,,
11184,Silphidae,Thanatophilus,sinuatus,Jendouba-Bulla Regia,,Tunisia,,19,4,2001,,,,2,,2,,,,,M. Snížek,M. Snížek,J. Růžička,2001,,,Sil5,,,
19476,Silphidae,Thanatophilus,sinuatus,"Muradiye, Kalesi",,Turkey,,27,6,1993,,,,,1,1,,,,,Bosák,F. Angelini,J. Růžička,2010,,,PC,,,
12284,Silphidae,Thanatophilus,sinuatus,"Dereli env., Yavuzkemal env.",,Turkey,,3,7,1998,,,,1,,1,,1300,,,S. Benedikt,V. Benedikt,J. Růžička,2003,,,Sil7,,,
13528,Silphidae,Thanatophilus,sinuatus,"Karacay-Hatay env., Asi Nehri River Valley",Hatay,Turkey,,7,5,2005,,,,1,,1,,,,,K. Orszulik,"K. Orszulik, Frýdek-Místek",J. Růžička,2006,,,Sil8,,,
7716,Silphidae,Thanatophilus,sinuatus,Užhorod,Subcarpathia,Ukraine,,1,4,1930,30,4,1930,1 spec.,,1,,,,,Roubal,"coll. J. Roubal in Slovenské národné múzeum, Bratislava",J. Růžička,1992,,,Sil1,,,
13508,Silphidae,Thanatophilus,sinuatus,Charkow,,Ukraine,,1,6,1955,30,6,1955,1,,1,park,,,,Bogatschew,"Museum für Naturkunde, Berlin",J. Růžička,2005,,,Sil8,,,
13507,Silphidae,Thanatophilus,sinuatus,Charkow,,Ukraine,,20,5,1955,10,6,1955,2,,2,forest park,,,,J. P.,"Museum für Naturkunde, Berlin",J. Růžička,2005,,,Sil8,,,
15030,,Thanatophilus,sinuatus,"Kiev env., Zhytomir",,Ukraine,,1,7,2006,,,,,1,1,,,,,K. Orszulik,K. Orszulik (Frýdek-Místek),J. Růžička,2008,,,PC,,,
7067,Silphidae,Thanatophilus,sinuatus,Studenec,,,,1,5,1942,31,5,1942,1,,1,,,,,Rauš,coll. J. Volák in Muzeum východních Čech v Hradci Králové,J. Růžička,1992,,,Sil1,,,
11219,Silphidae,Thanatophilus,sinuatus,"Trieste env., Karst Plateau",,,,13,8,1921,,,,,1,1,,,,,E. Pretner,Moravské zemské muzeum Brno,J. Růžička,2002,,,Sil5,,,
9115,Silphidae,Thanatophilus,sinuatus,Divoky,,,,NA,NA,NA,,,,,1,1,,,,,-,coll. E. Jagemann Moravské zemské muzeum Brno,J. Růžička,1996,,,Sil1,,,
7750,Silphidae,Thanatophilus,sinuatus,Tesso,,,,NA,NA,NA,,,,2,,2,,,,,coll. Schrötter,"Slovenské národné múzeum, Bratislava",J. Růžička,1993,,,Sil1,,,
